NameStudent,LastNameStudent,DateOfBirth,PhoneNumber
Atlanta,O'Shiels,27/01/1979,+1 (412) 551-4722
Debbi,Lewsie,10/10/1982,+502 (289) 697-9046
Rubia,Gawen,02/08/1967,+62 (567) 405-7975
Hermione,Tremelling,19/04/1964,+48 (848) 227-6525
Eydie,Beames,18/03/1965,+255 (138) 164-1025
Esteban,Moreton,13/04/1986,+62 (733) 440-9325
Bram,Tweedlie,15/05/1989,+86 (406) 888-1514
Hannie,Lindell,11/08/1981,+420 (994) 874-2281
Ardelle,Harby,02/09/1974,+86 (381) 451-8449
Tomasina,Donoher,28/01/1970,+420 (821) 278-8010
Holli,Petersen,14/07/1973,+51 (914) 533-2760
Rebeka,Dimanche,10/10/2000,+63 (600) 170-0219
Cornelia,Little,19/03/1970,+86 (504) 667-4632
Ofella,Stilly,10/04/1990,+256 (394) 880-7973
Julissa,Henke,08/04/1966,+351 (572) 737-7877
Jenna,Havick,15/01/1986,+507 (929) 357-6110
Daveta,Gravet,02/04/2001,+51 (114) 496-7035
Janice,Slaughter,02/12/1994,+33 (443) 118-5296
Adrianna,Ferrarin,06/04/1968,+86 (769) 787-3685
Arabel,Pakenham,04/05/1969,+55 (451) 525-1715
Tyler,Moff,10/12/1972,+66 (852) 289-0578
Christi,Guiso,03/12/1999,+86 (820) 144-0693
Blancha,Arrundale,14/10/1994,+387 (331) 726-2416
Eveline,De Biaggi,27/02/1977,+84 (633) 876-5172
Idelle,Jeram,20/06/1965,+94 (713) 190-6761
Shandeigh,Druce,14/08/1971,+92 (768) 387-7624
Terza,Wakeford,25/09/1977,+7 (307) 420-7591
Rupert,Rafe,22/07/1994,+34 (878) 750-9264
Almeta,Pauley,02/10/1982,+86 (577) 210-3595
Julie,Pembridge,08/12/2000,+33 (994) 388-6861
Onfroi,Markl,08/09/1982,+81 (407) 236-4978
Amie,Hadfield,27/05/2000,+86 (276) 303-9395
Billie,Sheber,13/11/1991,+46 (405) 331-8539
Gisela,Harower,22/03/1986,+380 (505) 499-2799
Theresita,Portis,05/05/1973,+62 (414) 750-8373
Almeria,Pitney,03/05/1996,+62 (766) 375-6605
Maisey,Gliddon,21/10/2001,+86 (341) 217-4910
Forrester,Drysdall,19/08/1977,+51 (453) 718-5371
Allyn,Hazelgrove,07/11/1997,+593 (522) 885-3347
Hilary,McGarrity,05/11/1991,+423 (882) 668-1956
Nowell,Lawie,10/02/1980,+7 (556) 440-1631
Elinore,Spehr,20/01/1965,+48 (690) 416-2654
Bendicty,Hundley,01/12/1984,+351 (444) 407-1716
Frederich,Fulstow,19/03/1967,+86 (955) 266-0926
Daven,Mariaud,10/03/1973,+62 (432) 809-3712
Zackariah,Dymidowicz,07/12/1965,+351 (900) 458-6535
Faun,Krolak,10/07/1968,+1 (913) 489-9393
Rozanna,Bater,13/04/1981,+7 (754) 763-7443
Grethel,Peggs,19/03/1988,+55 (637) 590-6534
Egor,M'Barron,31/10/1988,+86 (647) 608-6204
Damita,Stratton,08/09/1998,+86 (703) 772-3315
Helenelizabeth,Cowerd,10/07/1999,+55 (121) 370-4392
Minna,Braizier,12/07/1975,+47 (594) 179-5556
Aloysia,Inskipp,11/01/1980,+81 (288) 728-2641
Allyn,Kinder,01/03/2001,+380 (297) 367-1800
Harriot,Aishford,23/02/2000,+63 (930) 193-3641
Friedrick,Beamond,07/04/1975,+1 (431) 273-0336
Rickie,Facey,07/02/1971,+353 (431) 252-0015
Valencia,Kissick,10/07/1964,+86 (863) 618-0415
Silva,Pendre,13/11/1996,+81 (901) 721-4910
Florance,Critzen,22/01/1991,+27 (995) 907-2408
Marian,Phelan,12/12/1976,+86 (313) 817-6492
Marj,Filipiak,03/02/1980,+886 (181) 141-7936
Janeczka,Daft,08/03/1973,+86 (812) 211-4945
Augustus,Arons,27/12/1962,+351 (494) 695-1289
Ealasaid,Lepper,31/01/1979,+62 (161) 529-1002
Alecia,Tarzey,10/12/1991,+7 (875) 494-3439
Sal,Ladon,28/01/1984,+967 (346) 105-1977
Dukey,Stapley,27/08/1990,+57 (194) 499-9352
Micheil,Trythall,09/04/2001,+63 (275) 793-0996
Wenona,Bruinemann,04/10/1981,+86 (868) 564-6145
Roderick,Tinline,22/05/1975,+353 (840) 411-8903
Hewe,Eddie,04/09/1980,+86 (689) 135-2532
Bride,Dagon,27/10/1991,+48 (119) 103-3216
Valma,Crewe,28/04/1971,+55 (770) 680-1689
Tailor,Backshell,04/08/1963,+86 (128) 461-5587
Belle,Gunny,12/07/1968,+93 (491) 621-8272
Chickie,Laxton,17/09/1983,+51 (105) 845-6948
Hillyer,Joust,31/08/1998,+86 (514) 827-6882
Rosamund,Beels,24/12/1965,+86 (745) 113-8264
Daren,Brehaut,08/06/1995,+7 (644) 503-6718
Celina,Mooney,05/10/1981,+86 (105) 342-6939
Falito,Messenbird,29/08/1991,+86 (242) 181-8769
Joy,Steabler,07/11/1995,+63 (513) 834-6015
Stevy,Whiteson,23/03/1996,+62 (155) 643-9364
Krista,Gerritsma,26/05/1967,+62 (838) 943-0493
Britte,Halvosen,26/01/1998,+386 (153) 795-4165
Isabeau,Ryrie,22/01/1971,+86 (814) 279-8074
Tybalt,Bouskill,06/02/1999,+86 (733) 147-8416
Timmie,Auten,08/02/1976,+33 (951) 868-4216
Katherine,Corrett,29/09/1977,+86 (588) 964-2455
Oralla,Caldicott,17/12/1986,+1 (318) 439-2629
Didi,Petricek,25/01/1977,+51 (118) 398-4260
Stanford,Jacqueme,24/10/1976,+63 (745) 340-2321
Angy,Avramov,27/12/1980,+380 (564) 405-4526
Henri,Balstone,17/01/1978,+33 (941) 711-1268
Gilda,Checchetelli,03/06/1976,+33 (758) 443-2077
Pauly,Husselbee,16/01/1982,+86 (188) 862-7443
Athena,Bester,22/06/1998,+55 (205) 427-7622
Dougy,Dineges,16/07/1968,+55 (206) 625-7514
Gwyneth,Croucher,17/02/1999,+1 (602) 564-6949
Sissy,Kassman,14/03/2000,+48 (714) 181-3732
Parker,Lambin,15/06/1982,+86 (507) 278-4792
Tristam,Cavanagh,12/01/1972,+62 (828) 351-9074
Adrien,Liven,11/02/1989,+232 (731) 380-4922
Abeu,Zealey,22/05/1999,+46 (441) 308-9588
Alfie,Conibere,07/07/1976,+46 (616) 177-1998
Vikky,Gianotti,02/11/1976,+381 (423) 392-6130
Quentin,Vest,17/01/1999,+48 (415) 122-6075
Jillane,Panther,16/01/1996,+55 (719) 736-5028
Cordie,Whatham,09/03/1998,+81 (885) 204-8498
Tawsha,Simmings,21/09/2001,+84 (711) 933-3550
Cecil,Shilliday,17/11/1987,+86 (504) 751-3645
Hoebart,Simson,09/03/1960,+86 (883) 512-7318
Gerick,Hrus,23/06/1991,+255 (115) 466-4224
Reuben,Jankowski,14/03/1960,+7 (773) 988-5676
Tammie,Aleksankov,02/03/1999,+1 (809) 820-6863
Vittorio,Bagnal,10/02/1974,+970 (109) 759-2524
Ruthi,Butts,18/08/1973,+63 (623) 818-2940
Charleen,Whitaker,03/10/1979,+92 (120) 212-1953
Alfred,Feige,26/08/1988,+86 (540) 831-1518
Farra,Pentycost,21/07/1960,+63 (791) 789-9846
Katee,Fairhall,16/08/1996,+62 (800) 728-1789
Wald,Camies,25/07/1960,+1 (617) 709-6634
Modesta,Vardy,21/01/1978,+86 (853) 520-3830
Trish,Dahlberg,08/11/1989,+351 (708) 814-0097
Alexandr,O'Luney,08/12/1974,+55 (153) 903-3200
Bessie,Fass,05/04/1994,+62 (328) 135-7649
Norris,Dunaway,17/02/1969,+86 (629) 983-9120
Charmion,Boswood,18/06/1961,+62 (896) 454-7631
Anitra,McGaraghan,27/05/1970,+387 (201) 582-3787
Justino,Durnell,19/01/1990,+86 (931) 311-5835
Gerri,Abbotts,28/03/1990,+48 (663) 400-4895
Olenolin,Spatarul,18/04/1999,+84 (576) 636-4624
Yetty,Cutress,21/05/1960,+62 (637) 570-0311
Danny,Binford,10/09/1981,+7 (136) 279-7378
Datha,Barrow,19/02/1971,+595 (658) 854-7199
Lauraine,Garraway,11/05/1984,+62 (357) 487-8896
Rosene,Imlacke,18/01/1992,+62 (904) 342-0014
Katie,Aucoate,22/07/1965,+357 (119) 135-5852
Rayna,Chaffen,11/03/1986,+386 (341) 164-3485
Shirleen,Eite,17/11/1963,+504 (971) 289-2467
Ali,Reinisch,16/04/1963,+591 (456) 221-3649
Ryon,Brekonridge,11/09/1971,+86 (531) 180-1999
Lolly,Brace,20/02/1973,+33 (143) 775-9296
Town,McArthur,24/11/1963,+86 (719) 327-7822
Rudiger,Witton,04/08/1996,+255 (779) 502-9841
Philippe,Alennikov,05/12/1975,+381 (117) 739-5265
Dewain,Matthewes,24/12/1999,+30 (498) 401-7422
Tad,Shord,04/10/1972,+63 (863) 791-4192
Deny,Cutchey,18/02/1979,+63 (138) 304-6277
Tomkin,Roffey,19/06/1989,+1 (402) 253-4243
Derrek,Wilbore,13/02/1992,+55 (102) 812-6271
Clementina,Blaze,21/06/1986,+351 (878) 165-9259
Cointon,Auchterlony,11/06/1991,+62 (924) 635-0398
Federico,Hammelberg,25/01/1969,+46 (729) 511-4969
Peder,Sweed,06/06/1990,+86 (454) 116-9996
Brandais,Trounce,23/12/1962,+81 (906) 249-8813
Irwin,Antonoczyk,06/03/1995,+55 (318) 813-4104
Marris,McFie,24/09/2000,+967 (452) 221-0783
Molli,Mordey,23/11/1963,+86 (155) 169-7936
Tedra,Heads,07/01/1962,+351 (594) 677-9854
Ronalda,Kleingrub,15/08/1986,+226 (419) 150-6024
Ganny,Applin,15/11/1980,+504 (374) 349-2611
Hazlett,Giovannetti,10/04/1998,+46 (429) 825-5364
Oona,Bessey,17/02/1979,+212 (431) 160-5787
Hart,Trigwell,05/10/1965,+86 (599) 139-5149
Leontyne,Fedder,22/12/1997,+63 (384) 231-0572
Karylin,Alesin,28/10/1993,+86 (888) 134-2307
Ardella,Winsom,16/03/1965,+263 (286) 449-2447
Bonny,Southway,09/04/1982,+33 (167) 873-0099
Cody,Freckelton,03/01/1993,+60 (127) 862-4102
Ermentrude,Burtwell,29/06/1969,+47 (205) 922-6951
Westbrook,Lorkin,18/06/1974,+86 (455) 755-8738
Geraldine,Timmermann,11/05/1966,+51 (841) 656-6462
Mort,Olliar,18/12/2001,+53 (609) 566-3292
Jamal,Menendes,15/04/1987,+63 (882) 952-8249
Fara,Rilton,04/05/1983,+93 (877) 680-9017
Cele,Quelch,20/08/1974,+86 (772) 221-3134
Emalee,Fairman,20/01/1982,+51 (896) 472-0270
Gerek,Conant,17/08/1981,+54 (944) 597-4556
Saunders,Rishbrook,11/10/1996,+977 (902) 559-9646
Isiahi,Iiannone,31/10/1982,+354 (426) 710-7255
Juanita,Tapley,13/12/1997,+86 (107) 845-9565
Jemie,Pidon,01/12/1969,+81 (828) 944-6148
Zaccaria,Fealey,25/12/1969,+1 (215) 331-1723
Edgar,Rippingale,16/04/1968,+359 (123) 168-4235
Petronella,Struttman,06/03/1969,+81 (453) 720-5874
Herman,Walworth,04/10/1965,+33 (762) 771-4979
Cecilius,Stirgess,25/08/1991,+86 (746) 461-9889
Harriett,Grunwall,28/01/1986,+66 (805) 229-7661
Flint,Manvell,05/08/1979,+351 (100) 644-4736
Lisette,Serrell,26/02/1961,+86 (716) 602-4104
Di,Reddlesden,27/04/1978,+967 (512) 121-4860
Winston,Bage,10/11/2000,+63 (695) 315-1638
Denys,Gibb,13/12/1986,+33 (565) 140-8857
Creigh,Blease,12/11/1993,+62 (651) 924-3451
Eloisa,O' Byrne,07/03/1969,+269 (390) 701-3330
Wakefield,Dael,20/09/1969,+1 (529) 837-3691
Berenice,Manoch,10/03/1973,+387 (481) 319-0900
Jaimie,Powe,19/06/1986,+58 (355) 641-1312
Melitta,Berka,24/01/1961,+84 (938) 136-6420
Nada,Marcu,23/08/1964,+93 (330) 421-6971
Eve,Whitebrook,02/03/1974,+63 (980) 553-8097
Bertha,Cherry,31/01/1983,+86 (632) 921-8073
Darcey,Davidman,08/05/1965,+55 (955) 306-8672
Arleyne,Curnock,16/10/2000,+62 (263) 246-6831
Sinclare,McGeechan,08/07/1976,+86 (330) 604-6733
Steward,Caesar,28/02/1975,+55 (487) 260-9386
Evvy,Boughen,02/12/2000,+52 (252) 874-4592
Clovis,Sawyer,14/05/1974,+7 (259) 382-8995
Darn,Dotterill,23/09/1981,+86 (493) 895-8852
Court,Dockery,29/06/1981,+51 (979) 126-6496
Edan,Glacken,19/12/1993,+63 (517) 558-0462
Luther,Dunderdale,04/12/2000,+352 (830) 521-1379
Louella,Feldhuhn,02/02/1977,+62 (899) 820-3463
Case,Winfrey,26/03/1965,+370 (926) 579-1367
Ignace,Seiler,01/12/1963,+86 (886) 485-1253
Pavia,Spanswick,24/09/1981,+356 (694) 985-1027
Ennis,Ogden,23/01/1968,+33 (975) 705-7465
Ash,Trangmar,10/12/1993,+33 (355) 875-2353
Esteban,Beavan,17/03/2001,+86 (262) 174-4959
Standford,McCormack,29/05/1971,+48 (596) 368-1147
Jerrilyn,Few,30/09/1975,+7 (271) 220-3712
Amalia,Genicke,02/12/1981,+234 (630) 575-5621
Rosabel,Vasyukov,19/01/1975,+66 (695) 878-1426
Ulla,Casbourne,16/11/1987,+62 (805) 138-1299
Norma,Robilart,03/12/1991,+49 (982) 574-2697
Olin,Offord,12/10/2000,+33 (872) 458-0168
Abbe,Berkery,21/01/1986,+86 (190) 105-3617
Keane,Ilden,04/10/1971,+86 (601) 973-0512
Pepito,Percy,19/12/1982,+81 (751) 751-2636
Rudy,McGlone,22/02/1982,+63 (487) 275-7330
Darrin,Ronan,27/04/1979,+505 (941) 777-9452
Darius,Heindl,05/12/2001,+82 (588) 147-3973
Pietra,Dudin,17/01/1993,+7 (386) 270-7986
Rebekah,Cohane,29/09/1982,+86 (529) 640-6010
Katerina,Pummell,29/01/1983,+593 (181) 798-4437
Betta,Badham,23/11/1962,+62 (468) 917-2082
Tilda,Morsom,12/08/1960,+86 (655) 539-2069
Charley,Losemann,07/05/1985,+62 (762) 645-1197
Reeta,Grellier,14/02/1979,+1 (312) 709-1596
Antone,Scarce,06/06/1990,+7 (395) 420-3994
Wilek,Durrad,07/10/1976,+86 (484) 117-6070
Hanan,Mouncey,07/08/1975,+55 (951) 560-3518
Amber,Tanser,22/11/1987,+31 (182) 701-9381
Arleen,Whitsey,15/04/1990,+63 (373) 217-8215
Marice,Alford,08/10/1983,+358 (105) 683-8154
Karalee,Alner,08/03/1983,+27 (191) 156-8272
Allianora,Dallicott,11/04/1999,+7 (432) 266-2952
Heall,MacCarlich,24/01/1976,+355 (422) 504-1668
Gelya,Gasnoll,21/11/1974,+81 (893) 192-1669
Justina,Heald,12/03/1992,+371 (300) 197-1042
Christine,Greveson,15/09/1973,+351 (869) 255-3961
Woodie,McIlvaney,23/01/1990,+62 (356) 199-2389
Gayle,Paler,16/01/1987,+86 (682) 876-8150
Evie,Stilliard,04/12/2001,+62 (887) 555-6413
Burnaby,Considine,27/05/2001,+234 (571) 415-1486
Alika,Doberer,14/10/1965,+234 (659) 215-7040
Goldy,Lourens,31/12/1985,+351 (379) 295-3889
Constancy,Hupe,25/02/1967,+7 (456) 558-3214
Van,Droghan,12/09/1969,+351 (946) 720-4100
Korrie,Vigar,06/11/2001,+81 (959) 410-6219
Cassondra,Amori,07/04/1992,+62 (263) 520-3925
Godard,Player,01/07/1986,+387 (842) 569-8387
Ethelin,Sondland,25/11/1973,+62 (218) 734-5482
Jesselyn,Dudgeon,29/04/1961,+963 (828) 514-4080
Leighton,Durtnell,19/01/1974,+1 (904) 706-1324
Kenon,Palfrey,01/07/1966,+371 (104) 689-3625
Yalonda,Megahey,14/11/1973,+57 (906) 941-8616
Tallou,Spire,26/05/1974,+62 (273) 493-2598
Fairfax,Ashment,27/07/1999,+48 (469) 973-1966
Barbie,Banbury,21/07/1966,+62 (912) 582-9471
Tomaso,Rosekilly,02/08/1983,+63 (222) 439-4336
Kathleen,Larcher,05/08/1971,+86 (687) 564-7214
Talya,Hellings,01/02/1976,+62 (354) 849-1218
Adan,Dunnet,02/10/1995,+420 (508) 539-4000
Ursa,Clohissy,02/08/1975,+86 (716) 113-2059
Sigismundo,Kitchingman,02/08/1999,+55 (148) 107-7844
Garrot,Whisby,06/03/1998,+66 (494) 922-6202
Pauline,Wasielewski,01/01/1974,+62 (205) 941-5523
Jasper,Iceton,31/08/1973,+62 (813) 194-3767
Neale,Letcher,03/12/1978,+62 (872) 922-6864
Gerik,Hammerman,14/01/1989,+66 (875) 520-3734
Kalina,Wrightham,15/07/1996,+689 (341) 444-6610
Sharleen,Lorent,07/06/1968,+86 (296) 393-4443
Jareb,Carmel,29/01/1989,+62 (198) 505-9417
Alvy,Anthonsen,11/05/1984,+223 (246) 962-9009
Winnie,Bartczak,03/11/1980,+420 (952) 217-4260
Shannah,Doget,18/01/1977,+420 (631) 634-2453
Cathrin,Crigin,25/12/1968,+55 (963) 925-0199
Andree,Speed,07/06/1974,+57 (503) 271-3380
Alvira,Baseke,01/01/1969,+81 (627) 604-9478
Loralee,Sorrell,05/03/1995,+55 (448) 757-2870
Desiree,Spaduzza,23/03/1998,+7 (183) 394-7942
Gerianna,Ely,05/04/1994,+94 (270) 318-2538
Bax,Battrum,03/01/1967,+420 (228) 919-0725
Aldus,Pahlsson,26/08/1964,+63 (509) 882-5073
Fallon,Holah,02/04/1986,+60 (558) 202-1031
Paxon,Vales,28/02/1977,+358 (598) 223-7006
Shayla,Dahle,26/05/1976,+52 (725) 367-7600
Marlon,Vanstone,04/08/1966,+1 (484) 434-8983
Beltran,Proom,02/01/2001,+963 (444) 382-6894
Angil,Cochern,01/05/1991,+994 (764) 936-3348
Cassey,Hellmore,28/07/1964,+420 (251) 192-4829
Karna,Spaducci,02/10/1978,+66 (426) 561-1574
Reggi,Leijs,24/10/1980,+62 (667) 876-3083
Kakalina,Krojn,19/04/1999,+86 (647) 269-8008
Bernadette,Gerssam,26/09/1962,+7 (651) 589-1731
Courtney,De Biasio,17/06/1992,+992 (851) 667-2570
Constantine,Bullas,17/10/1960,+86 (736) 849-9563
Culley,Fermer,28/03/1969,+63 (630) 852-7276
Edvard,Sabbin,21/11/1971,+27 (922) 316-9730
Melessa,Berrycloth,16/10/1989,+66 (199) 971-2557
Xylia,Hannigane,23/05/1977,+1 (941) 633-2408
Federica,Evesque,22/09/1992,+1 (610) 420-0506
Grover,Sirman,07/11/1969,+86 (400) 196-3504
Pattie,Faulkner,19/10/1988,+86 (298) 965-5338
Ewan,McGinn,14/12/1994,+57 (777) 941-6358
Amalle,Adamovich,09/10/1994,+86 (582) 823-3950
Adina,Capp,10/05/1963,+86 (456) 246-1379
Ursuline,Drinkall,06/05/2000,+63 (285) 690-6525
Ekaterina,Willgoss,13/02/1997,+420 (939) 454-9095
Elita,Skuce,19/01/1975,+86 (900) 912-6568
Shelley,Wardlaw,03/03/1965,+62 (616) 944-8267
Shamus,Matzkaitis,03/01/1986,+46 (763) 861-9645
Addie,Hulance,10/05/1996,+63 (888) 969-6554
Osmond,Hamsher,03/08/1975,+66 (102) 390-5147
Rafaelia,Dignan,27/03/1984,+269 (146) 634-7532
Catlin,Synke,18/10/1985,+420 (263) 438-8442
Nicolle,Osichev,06/07/1967,+63 (595) 955-7592
Rosanne,MacMeekan,09/12/1962,+81 (964) 225-7760
Lolly,Fenna,23/08/1978,+33 (796) 359-5563
Ellsworth,Mein,03/11/1978,+86 (788) 216-9746
Constantin,von Hagt,19/09/1965,+86 (320) 522-6467
Cece,Killiner,15/04/1999,+420 (777) 487-7758
Matty,Swarbrick,26/06/1987,+82 (870) 197-1921
Grover,Sarfatti,26/07/1979,+7 (800) 179-6175
Roselia,Elsom,10/06/1967,+86 (598) 718-3942
Skipper,Pawlick,16/11/1964,+62 (849) 600-1913
Jaquenetta,Chalcraft,23/08/1963,+380 (931) 456-6427
Christyna,Neill,18/01/1961,+33 (636) 703-6185
Clarine,Greggs,09/10/1977,+46 (358) 928-4967
Emmalynne,Hunston,20/07/1997,+506 (375) 723-7584
Nyssa,Swafield,09/06/2001,+84 (117) 821-1632
Clemmie,Tumulty,22/07/1996,+84 (283) 525-0625
Avram,Stove,14/10/1982,+380 (470) 283-0425
Hildegarde,Gabbetis,10/07/1972,+380 (660) 167-0416
Lucien,Petters,22/01/1992,+63 (863) 166-4134
Jess,McGuire,11/05/1991,+53 (972) 547-7961
Faun,O'Hallihane,05/03/1992,+86 (497) 175-9650
Red,Tarburn,22/01/1975,+62 (222) 603-8283
Devi,Casero,30/10/1983,+961 (840) 888-2169
Iver,Sherston,05/10/1961,+48 (783) 501-1955
Willy,Leeb,29/01/1994,+234 (517) 473-2859
Cindra,Pendrich,07/06/1993,+351 (745) 295-2573
Antonie,Heinrich,27/11/1962,+351 (459) 683-9672
Catherine,Coolbear,03/04/1996,+351 (383) 514-4177
Baron,Velti,11/08/1989,+62 (117) 826-8511
Kally,Bohje,07/01/1980,+46 (240) 951-1106
Burlie,d' Elboux,05/02/1968,+502 (865) 881-9696
Jock,Dowtry,07/05/1985,+358 (121) 210-0430
Dahlia,Print,27/05/2000,+55 (844) 157-1929
Joeann,Oblein,19/04/1984,+48 (544) 924-5647
Harley,Possel,02/09/2001,+48 (520) 911-7884
Dallas,Radband,27/04/1995,+238 (270) 118-0608
Claybourne,Cloney,27/11/1985,+55 (229) 371-9082
Neala,Lutz,15/03/1987,+972 (944) 250-5728
Dorene,Loveland,26/05/1962,+7 (120) 202-2261
Eleonore,Wenderott,03/12/1996,+48 (795) 243-7211
Jolene,Flatt,23/05/1991,+81 (325) 482-2649
Almeda,Grogono,11/06/1960,+86 (255) 847-9513
Melisent,Keunemann,18/09/1995,+92 (665) 844-8380
Yorke,Kenealy,15/01/1990,+7 (116) 269-6655
Hazlett,Meffan,08/01/1992,+51 (104) 597-3586
Mabel,Gibard,28/03/1991,+252 (906) 757-3963
Ceciley,Flann,04/02/1997,+60 (514) 456-2094
Ruthanne,Shirrell,20/05/1983,+46 (849) 244-8768
Chrissy,Torrejon,15/04/1975,+84 (585) 622-0547
Bronny,Fear,23/03/1973,+62 (697) 638-8731
Hurlee,Renoden,23/07/1969,+63 (411) 999-9555
Flory,Aspling,16/02/1983,+86 (961) 408-2643
Ilene,Yole,30/03/1964,+62 (237) 422-3831
Sigvard,Stear,13/12/1966,+351 (448) 999-7760
Alaric,Ondrasek,09/12/1976,+84 (514) 204-1494
Pamelina,Ellesmere,28/10/1981,+55 (478) 831-2632
Stephi,Screwton,28/08/1999,+86 (613) 871-9904
Marie-ann,Elbourn,09/02/1960,+55 (660) 400-3220
Liam,Waudby,30/06/1975,+52 (248) 641-5051
Joelie,Tumini,24/03/1981,+86 (778) 170-1184
Barbey,Cadreman,24/12/1972,+66 (718) 270-9487
Quintina,Llewhellin,26/10/1977,+48 (624) 774-8290
Teresa,Waber,26/08/1996,+63 (808) 955-7778
Cord,Wayte,18/02/2001,+46 (394) 815-4588
Chrisy,Abbie,15/04/2000,+234 (420) 899-2477
Bernice,Henaughan,22/05/1971,+86 (939) 861-8915
Edmon,Kupis,21/01/1983,+33 (682) 262-4245
Irene,Slocombe,01/04/1965,+63 (700) 570-1360
Abbie,Dymoke,28/12/1989,+251 (836) 486-4071
Wat,Eltune,21/07/1989,+7 (482) 536-0557
Adriena,Vivian,15/06/1993,+7 (266) 353-1256
Loria,Patman,18/09/1974,+62 (834) 761-9636
Crosby,Raden,29/04/2000,+86 (777) 206-3904
Maitilde,Schellig,19/06/2001,+54 (515) 299-0869
Shelba,Zannuto,09/06/1988,+86 (643) 821-3330
Wynny,Plumm,03/04/1975,+370 (622) 904-1866
Keeley,Scaddon,30/01/1969,+63 (450) 715-6208
Linnie,Fritchly,25/03/1993,+7 (151) 149-9510
Anton,Squirrel,17/03/1993,+81 (364) 133-9389
Calvin,Carlone,26/11/1970,+855 (872) 398-8909
Odette,Westphal,05/05/1986,+48 (802) 703-2636
Morse,Fitzjohn,19/04/2000,+62 (829) 969-9699
Gordie,Duligall,09/10/1966,+420 (343) 665-2317
Chrisy,Gimson,26/06/1969,+86 (667) 298-2300
Karlis,Jerrard,17/11/1984,+358 (817) 396-6253
Egan,Clac,15/02/1968,+62 (430) 655-3902
Charmian,Eilert,26/02/1996,+57 (183) 251-4732
Leanna,Hayler,21/03/1966,+86 (201) 485-6679
Artemas,Stit,28/05/1961,+86 (605) 207-2705
Shelagh,Slimm,23/04/1997,+86 (849) 310-3472
Jessie,Elington,23/10/1971,+86 (623) 568-6072
Amandy,Kellick,18/12/1990,+62 (471) 620-3227
Helen-elizabeth,Thain,04/01/1974,+1 (202) 106-8900
Dino,Delucia,24/02/1997,+504 (163) 388-0080
Joachim,Shoveller,10/10/1970,+594 (851) 683-6625
Giralda,McCartan,19/08/1971,+220 (797) 294-4438
Briano,Attewell,28/07/1963,+51 (736) 940-0110
Lonee,Jobb,30/03/1984,+31 (122) 743-8972
Winthrop,Vinter,17/12/1978,+256 (806) 905-7639
Tailor,Henken,07/02/1975,+504 (789) 315-0287
Kevon,Renzini,30/04/1968,+86 (926) 739-3336
Yvon,Jenson,19/02/1977,+86 (595) 684-3747
Christean,Mains,01/09/1975,+98 (111) 316-9408
Lemuel,Muccino,21/04/1998,+86 (245) 542-4264
Normy,Rigate,08/09/1971,+7 (223) 904-0408
Clovis,Strainge,21/06/1975,+86 (378) 647-6969
Alberto,Rides,29/09/1977,+46 (267) 543-3932
Dennison,Castagneri,08/02/1963,+63 (515) 941-8769
Eugine,Farbrother,25/09/1981,+86 (232) 680-3799
Clayton,Fend,20/06/1996,+55 (982) 123-8129
Craggy,Lyddyard,23/10/1994,+992 (686) 955-5292
Blayne,Bewlay,08/05/1967,+599 (717) 854-6486
Jill,Picford,02/12/1989,+48 (812) 719-5492
Anabal,Wilshin,10/03/1973,+976 (314) 931-2951
Shandy,Seldner,18/02/1970,+86 (463) 961-6244
Virginie,Roggers,26/08/1996,+503 (709) 203-5253
Gianina,Inggall,17/09/1979,+33 (589) 623-5063
Flor,Lehr,17/05/1977,+62 (213) 865-6054
Vasili,Branscomb,06/06/1983,+44 (260) 138-8405
Joey,Karolewski,09/02/1979,+48 (566) 654-8516
Jillian,Rosenstock,06/04/1963,+86 (299) 990-1909
Bill,Beddin,24/11/1995,+506 (109) 704-5409
Barde,Ingleton,25/06/1967,+1 (202) 280-6012
Dagmar,Redit,26/08/1962,+351 (489) 373-3621
Donal,Snugg,28/05/1980,+33 (596) 319-9873
Amy,Gamble,26/01/1970,+593 (714) 754-2437
Tarrance,Petracco,21/11/1970,+212 (939) 751-0311
Dehlia,Stegel,12/01/1969,+86 (399) 910-4278
Britte,Romanini,09/03/1980,+7 (662) 544-2781
Zsa zsa,Keppe,12/05/1969,+351 (923) 637-3564
Reade,Cogin,25/02/1982,+504 (277) 958-6513
Elspeth,Roscamp,10/09/1975,+33 (299) 927-9753
Kiele,Muckeen,27/02/1965,+33 (890) 840-3453
Ilse,MacGorrie,09/02/1966,+62 (318) 800-9522
Yvor,Josefer,17/07/2001,+234 (349) 276-8012
Blinni,Clurow,11/11/1991,+63 (816) 360-2757
Abelard,Gunney,08/05/1994,+33 (984) 237-9252
Sibella,Cumes,18/02/1991,+963 (775) 122-5804
Evelyn,Ranstead,15/12/1974,+86 (309) 299-5061
Neall,Scarre,03/03/1991,+55 (975) 857-9055
Flossie,Cowe,19/12/1979,+1 (108) 345-4731
Renard,Cayford,05/12/1984,+86 (907) 424-4105
Daisi,Winsper,11/01/1963,+62 (653) 836-2153
Spike,Klemencic,09/01/1980,+62 (757) 875-0369
Hoebart,Blazevic,09/04/1992,+51 (137) 899-6618
Clevey,Rodenburgh,21/04/1971,+55 (645) 911-2514
Paulo,Burnsell,11/04/2001,+33 (931) 321-0690
Hermie,Jarrelt,07/12/1967,+7 (850) 214-8352
Michele,Guerra,04/08/1983,+81 (490) 672-0670
Arlana,Balmadier,11/11/1990,+53 (656) 911-4628
Tabina,Brickwood,27/10/1978,+86 (332) 416-3246
Elwyn,Anan,03/08/1977,+62 (774) 364-5313
Susi,Shills,14/05/1992,+420 (639) 768-3767
Ynes,Lovelace,05/01/1993,+60 (670) 783-4782
Masha,Abden,16/03/1984,+51 (214) 844-0392
Jamal,Giorgiutti,24/08/1981,+63 (981) 440-7110
Lorine,McGrowther,08/09/1971,+86 (975) 499-0216
Otha,Griffe,15/05/1989,+46 (619) 499-5011
Henri,O'Coskerry,14/03/1996,+234 (971) 234-2923
Toddy,Aspital,31/12/1979,+7 (782) 382-6691
Aleta,Cuthbertson,13/09/2001,+1 (946) 618-3157
Rawley,Brosnan,15/06/1972,+93 (770) 799-9524
Antonia,Tommei,12/04/1964,+62 (114) 156-6639
Glynis,Gerckens,10/06/2000,+63 (405) 544-0825
Wendeline,Lauga,19/05/1994,+86 (361) 252-1248
Sallyann,Nannini,02/08/1991,+86 (674) 585-7130
Rosella,Barhems,28/12/1982,+242 (274) 778-9399
Twyla,Durram,28/11/1980,+33 (180) 392-4251
Sterling,Badger,16/07/1967,+86 (470) 743-1021
Daveen,Dani,14/08/1993,+48 (955) 189-1863
Leann,Kintzel,08/01/1985,+86 (781) 820-2326
Aggi,Cuolahan,22/09/1978,+420 (550) 903-7823
Vivianne,Beavan,09/12/1973,+81 (874) 429-0619
Konstanze,Heisman,26/02/1977,+1 (704) 598-8809
Mable,De Metz,24/01/1992,+52 (319) 882-9507
Neel,Lockie,28/06/1970,+86 (132) 478-5700
Esther,Mosley,23/08/1994,+55 (219) 596-7651
Cymbre,Legen,22/06/1970,+261 (257) 635-9392
Keri,Mabbs,16/11/1967,+372 (214) 589-0680
Garv,Copnell,06/06/2000,+992 (619) 966-3204
Dorry,Smetoun,05/08/1966,+33 (955) 654-7458
Cris,Shackell,17/06/1961,+226 (818) 695-6436
Shaun,Whetson,29/06/1962,+30 (728) 528-1106
Benjy,Hatfield,11/09/1960,+86 (810) 536-7675
Jorrie,Michelin,11/10/1966,+48 (572) 598-5714
Harri,Dockreay,23/07/1965,+380 (496) 845-1123
Daveta,Lawty,13/11/1978,+1 (202) 961-3195
Jodie,Lampbrecht,23/05/1997,+381 (574) 835-8379
Bethanne,Rhead,12/09/1974,+46 (122) 391-6960
Jobie,Billingham,06/04/1971,+46 (239) 436-3013
Maiga,Wilkowski,28/12/1992,+46 (216) 237-2193
Felicia,Natt,14/08/1972,+86 (227) 423-0405
Analise,Bottoner,10/11/1990,+387 (630) 394-1662
Aldric,Domerc,26/02/1992,+692 (622) 225-1109
Tracey,Stratley,30/01/1960,+385 (802) 956-7734
Rebeka,Redler,12/01/1988,+62 (351) 384-3204
Nesta,Roser,11/01/1974,+81 (152) 977-4590
Kym,Rickard,20/08/1970,+86 (544) 677-1593
Teressa,Goose,07/06/1970,+1 (610) 157-9315
Ronnie,Redpath,01/12/1973,+86 (580) 575-3646
Jamaal,Hardcastle,27/09/1990,+62 (467) 446-1246
Genvieve,Vanichkov,08/10/1982,+385 (494) 554-8188
Magda,Cutchie,04/04/1962,+1 (152) 944-2725
Ricky,Hurton,28/10/1982,+961 (368) 600-0622
Carmelle,Schaumann,22/02/1972,+33 (161) 812-3988
Durward,Bleasdille,10/03/1962,+63 (255) 898-0996
Thornie,McVicker,09/10/1994,+86 (229) 913-8544
Cally,Janovsky,25/09/1969,+226 (495) 312-5243
Shell,Warrillow,17/04/1976,+84 (717) 927-1475
Elihu,Ellerman,22/03/1970,+51 (338) 380-9715
Marshal,Emanuelli,19/11/1996,+1 (615) 422-2592
Dayna,Pfeffel,06/04/1966,+86 (701) 939-6016
Hunter,Richards,15/02/1999,+31 (351) 942-0890
Ambrose,Colt,25/06/1969,+385 (152) 230-9818
Leona,Beagley,12/09/1975,+86 (586) 801-9005
Marlene,Minget,11/04/1985,+380 (281) 572-8150
Heall,Kimbury,18/10/1991,+976 (565) 988-1754
Hershel,Antonopoulos,02/03/1998,+48 (999) 123-0011
Inglis,Dusting,01/07/1982,+86 (638) 633-3923
Katherina,Yukhnini,06/02/1972,+351 (229) 911-5086
Basil,Farnish,15/10/1960,+234 (548) 578-0849
Emmeline,Tythacott,16/09/1990,+66 (171) 237-3840
Donnie,Kunc,17/12/1987,+86 (130) 913-5738
Inglebert,Nickell,14/12/1962,+7 (216) 576-3058
Salem,Srutton,04/12/1972,+963 (923) 611-4551
Andreana,Vondra,23/05/1998,+63 (800) 781-3261
Tore,Rackstraw,29/01/1993,+995 (279) 313-3299
Jasen,Labarre,19/01/1982,+970 (200) 918-0454
Alfreda,Brooking,18/12/1970,+62 (961) 310-2000
Brenn,McRamsey,19/06/1972,+965 (289) 301-7396
Felecia,Scatchar,11/12/1999,+46 (764) 726-2092
Gav,Gladman,29/04/1990,+1 (860) 477-4294
Vallie,Wilfinger,13/05/1999,+62 (984) 951-8772
Lucita,Choulerton,05/06/1969,+55 (943) 200-6041
Belva,Sine,16/08/1977,+1 (717) 555-9508
Cecilius,Havvock,12/02/1961,+973 (477) 295-5268
Fidelio,Churchley,03/12/1995,+63 (530) 343-6286
Mellisa,Ayers,06/03/1999,+7 (243) 618-6483
Flori,Prangley,06/09/1993,+420 (254) 124-5989
Burch,Yesinin,15/05/1986,+268 (416) 160-5261
Henrieta,Claxson,21/09/1977,+7 (569) 956-2614
Imelda,Lammers,11/08/1990,+86 (727) 545-6705
Adan,McBeith,05/12/1975,+92 (885) 330-1383
Aili,Leese,14/01/1998,+33 (404) 324-5709
Olly,Primo,18/06/1976,+358 (465) 971-5692
Ruttger,Hove,22/06/1965,+62 (618) 882-4228
Dierdre,Mulvagh,14/10/1971,+385 (268) 328-6451
Daffie,Kusick,06/01/1985,+86 (812) 126-5082
Amalee,Kundt,16/05/1963,+355 (372) 776-4565
Alleyn,Flowerden,08/03/1998,+81 (310) 209-7887
Maire,Wloch,16/04/1984,+63 (466) 955-0022
Nikolaus,Bonnefin,19/02/1988,+963 (876) 414-8158
Bernardine,Roughley,26/06/2001,+48 (550) 640-3493
Hamil,Southcott,17/02/1990,+47 (632) 215-4139
Ferdinand,Kurton,12/07/1989,+55 (409) 639-6761
Lilli,Fattore,19/03/1981,+51 (918) 549-9934
Florrie,Borrow,18/07/1973,+86 (764) 234-6932
Ellynn,Arnaudin,19/06/1992,+62 (699) 815-3452
Barrie,Sommerland,04/01/1982,+86 (394) 766-2762
Karl,Vaisey,19/09/1962,+86 (205) 809-3725
Bianca,Annable,11/10/1986,+502 (854) 835-9484
Natalie,Gomme,16/06/1961,+33 (877) 884-8291
Darby,Imlock,29/06/1994,+1 (757) 540-2237
Loraine,Rummins,27/09/1981,+256 (560) 693-6473
Thane,Erwin,28/07/1972,+55 (311) 680-6396
Bev,Smedley,20/09/1964,+95 (715) 710-9559
Leodora,Redmell,31/03/1974,+62 (564) 818-9096
Cicely,Blacker,11/09/1981,+51 (300) 707-8900
Noelle,Corington,17/05/1986,+33 (789) 329-7380
Zorine,Corgenvin,09/12/1990,+963 (946) 959-7295
Garner,Laugharne,18/12/1978,+55 (600) 289-5017
Mano,Orpin,19/01/1993,+55 (321) 440-6361
Colan,Hadleigh,11/08/1979,+86 (145) 311-9300
Henry,Clemont,12/03/1962,+86 (287) 162-7602
Merry,Snellman,23/11/1994,+86 (406) 526-4216
Toby,Vase,04/04/1988,+62 (119) 132-7219
Onfre,Wellstood,21/07/1983,+57 (116) 330-0593
Fidelity,Boydon,24/02/1987,+57 (222) 216-4202
Wendye,Gourdon,28/06/1969,+7 (195) 824-8725
Star,Slaten,29/01/1960,+62 (712) 730-2466
Wynnie,O'Beirne,27/08/1977,+62 (307) 960-7692
Carmelina,Rubinshtein,09/12/1972,+63 (704) 942-4817
Seward,Sarath,02/01/1962,+33 (864) 736-1188
Romonda,Pattullo,17/03/1969,+81 (930) 477-8292
Cara,Thickpenny,18/03/1992,+51 (541) 473-4171
Gerhard,MacMechan,25/11/1983,+976 (735) 939-2574
Shelden,Cannell,21/07/1993,+1 (712) 636-6273
Janek,Nunn,25/04/1988,+351 (898) 636-6626
Hirsch,Goggin,22/06/1986,+86 (102) 518-7993
Graig,Croy,30/01/1961,+62 (293) 861-3112
Giustino,Mabe,17/12/2001,+63 (589) 276-2260
Rosabel,Burchard,05/11/1961,+62 (878) 918-1443
Ashby,Laverenz,01/06/1972,+86 (826) 839-9735
Darb,Tilte,22/05/1962,+970 (159) 509-5734
Aigneis,Gilardi,29/11/1990,+48 (806) 659-0065
Elberta,Rudsdell,28/09/1976,+233 (686) 413-7432
Elsi,Climer,17/12/1976,+57 (171) 500-9121
Duke,Hawking,11/09/1996,+62 (125) 547-4922
Aloysius,Runnett,09/03/1985,+55 (470) 893-8259
Pauli,Harrill,22/09/1989,+62 (182) 584-9110
Roderich,Arran,19/07/2001,+33 (139) 783-2330
Kristoffer,Jaggard,19/01/1981,+86 (462) 222-5089
Barclay,Safe,18/09/1981,+970 (949) 139-2304
Niki,Antonat,07/10/1992,+351 (579) 145-2736
Alden,Maytom,04/10/1970,+504 (518) 909-0477
Gar,Prugel,22/10/1969,+385 (263) 216-4972
Myriam,Cosgrave,05/09/1965,+33 (629) 932-8293
Kristen,Troppmann,28/02/1966,+264 (263) 826-4353
Torrey,Alcido,04/10/1971,+57 (919) 544-3852
Isidor,Salthouse,11/04/1987,+63 (208) 469-7838
Jandy,Hellin,18/02/2000,+1 (251) 110-2217
Mina,Winspurr,12/08/1982,+62 (138) 651-7335
Dulcy,Quarry,24/09/1999,+33 (981) 879-2077
Kimble,Spurr,31/03/1978,+86 (304) 928-1196
Maridel,Toxell,24/12/1985,+7 (558) 488-0786
Ivar,Clift,11/12/1985,+54 (594) 442-5369
Clywd,Wenzel,26/02/1977,+261 (343) 750-0242
Catarina,Burnall,12/07/1984,+351 (298) 388-6030
Holly,Lumly,20/04/1998,+62 (423) 119-2608
Joelly,Letherbury,05/02/1961,+98 (668) 838-7188
Georgine,Ruoff,08/04/1970,+351 (116) 817-1738
Kahlil,O'Harney,09/02/1987,+95 (897) 149-6513
Dorry,Coath,13/03/1965,+1 (706) 419-8368
Marie-jeanne,Ramshay,19/05/1991,+86 (709) 499-8583
Francine,Millward,13/10/1977,+387 (466) 613-3756
Murial,Stair,29/07/1984,+63 (959) 508-4017
Clifford,Melloy,13/01/1984,+62 (153) 822-3838
Douglass,Scurry,28/12/1998,+381 (350) 673-9173
Major,McIndrew,31/03/1986,+62 (248) 494-3548
Blinni,Seymour,09/08/1985,+62 (780) 302-3282
Kassi,Eisig,25/06/1997,+39 (326) 973-6022
Ulick,Smedley,15/06/1964,+593 (639) 967-2501
Casey,Bilt,29/11/1968,+57 (162) 171-1930
Marlin,Endrizzi,04/07/1981,+1 (936) 776-7321
Lin,Saunt,04/08/1976,+1 (619) 622-9799
Peirce,Lideard,22/09/1960,+593 (213) 505-3900
Charlot,Rowler,30/07/1998,+53 (367) 938-8041
Jonathon,Geydon,04/03/1983,+260 (265) 128-3112
Yuma,Ohm,15/06/1962,+86 (628) 770-3884
Lyndsey,Skipper,06/06/1987,+86 (913) 640-8617
Christos,Handes,13/11/1975,+41 (636) 537-3629
Loren,Harradine,21/11/1966,+62 (938) 915-7330
Dionysus,Cardero,10/06/1967,+380 (461) 983-0583
Rik,Retallick,08/08/1991,+1 (257) 432-7862
Vivien,Reeme,09/12/1976,+1 (705) 521-5154
Othello,Adamson,08/05/1988,+33 (232) 119-9417
Brynn,Brockie,04/03/1982,+93 (486) 635-9062
Brier,Hulburd,02/03/1982,+886 (697) 978-1103
Salomon,Venners,21/03/1979,+380 (465) 227-1644
Mae,Esposito,07/11/1964,+383 (726) 912-7844
Cassandra,Canton,04/09/1995,+86 (870) 833-2464
Jennica,Kilpatrick,04/06/1990,+62 (257) 559-4607
Lester,Mc Ilory,07/04/1968,+57 (835) 705-4963
Feodora,Siemianowicz,20/04/1967,+221 (795) 592-2166
Kenneth,Lawly,21/03/1993,+7 (221) 994-1998
Gardner,Chilton,14/04/1969,+234 (487) 581-5787
Sean,Lermit,11/05/1968,+33 (743) 122-2678
Rourke,Kastel,13/11/1968,+7 (493) 106-5668
Grata,Rosenwald,17/02/1994,+63 (521) 319-5416
Jamil,Maynell,23/10/1964,+63 (526) 409-6124
Bondy,Stanbra,29/09/1992,+380 (698) 568-7135
Skell,Algar,12/01/1996,+47 (987) 662-6077
Bradly,MacCall,07/04/1987,+81 (734) 856-1249
Cecilius,Sayer,23/02/1992,+254 (442) 136-7547
Junia,Megahey,02/11/1972,+33 (407) 940-3146
Haze,Cejka,14/07/1961,+62 (947) 733-4632
Berty,Coker,15/01/1994,+86 (211) 914-6231
Patin,Reedman,25/08/1997,+1 (873) 458-6081
Maggi,Filasov,25/11/1989,+389 (380) 514-6491
Beauregard,Tarry,17/12/1960,+375 (238) 231-1283
Duffy,Knappitt,18/02/1982,+86 (646) 494-0381
Tallulah,Hegdonne,27/02/1961,+48 (538) 554-6156
Sheelagh,Skirving,27/10/1999,+62 (824) 811-8715
Renata,Penkethman,19/07/1976,+86 (970) 568-3635
Roi,Squier,25/05/1971,+238 (260) 343-4644
Myles,Brasher,04/10/1987,+49 (694) 655-7528
Ivy,Chilvers,23/02/1980,+1 (812) 976-6631
Anabal,Feander,03/02/1978,+55 (293) 680-5423
Ellswerth,Dragon,17/11/1971,+86 (858) 122-4180
Calhoun,Boutellier,23/05/1983,+230 (250) 367-9185
Audy,Gavin,18/03/2001,+86 (750) 453-4861
Teirtza,Guinn,29/04/1991,+47 (346) 950-2596
Gaylene,Sickert,24/07/1970,+351 (205) 965-7505
Bradly,Hembery,07/08/1976,+62 (211) 298-4032
Joyann,Pimblett,13/12/1980,+86 (109) 579-6698
Der,Rehor,13/10/1972,+66 (612) 441-6230
Walsh,Piggin,17/09/1996,+967 (764) 767-4223
Pris,O'Doran,10/11/1967,+63 (203) 866-2906
Wanids,Ryce,14/12/1962,+33 (100) 915-8848
Carleen,MacBey,15/02/1977,+58 (275) 142-6777
Dodie,Swallwell,14/09/2001,+380 (331) 839-0934
Kora,Adney,19/11/1994,+372 (331) 360-7007
Marilin,Fennelow,13/11/1962,+55 (859) 908-2077
Nealy,MacPhaden,06/12/1973,+46 (972) 929-0721
Perkin,Simionescu,20/07/1994,+66 (367) 410-1973
Anatole,O'Tierney,07/06/1965,+48 (274) 445-8006
Gallard,Mish,05/10/1969,+267 (749) 914-0746
Marlane,Chippindall,22/03/1978,+86 (291) 920-2643
Sorcha,Brumbye,02/07/1966,+33 (864) 895-7352
Christophe,Middleton,28/03/1999,+351 (617) 561-6459
Giovanna,Bromet,12/07/1980,+504 (930) 777-7429
Fitz,Skeermer,13/12/1961,+358 (921) 240-2927
Derrick,Maffi,19/09/1974,+7 (633) 319-3014
Curr,Balham,06/11/1991,+92 (505) 321-8415
Leonie,Bullus,01/03/1968,+86 (182) 613-0510
Shaine,Culshew,12/01/1984,+1 (313) 257-5243
Mordecai,Dearnaly,10/12/1973,+86 (759) 240-8164
Gwendolen,Brawley,01/03/1970,+1 (517) 874-1660
Patti,Haines,20/10/1974,+351 (647) 724-8901
Carmella,Boeck,23/10/1974,+972 (831) 350-3690
Katy,Ethridge,25/11/1994,+62 (655) 659-5200
Tymothy,Champniss,29/07/1971,+95 (904) 711-1359
Lissa,Jacklings,16/07/1999,+351 (461) 707-3148
Jarrod,Blabie,13/09/1973,+1 (916) 917-0694
Lyle,Stopforth,09/09/1981,+380 (561) 418-5256
Celie,McMenemy,15/05/1997,+86 (780) 404-3362
Marlee,Lampke,17/02/1984,+51 (341) 372-4819
Ashley,Alner,13/04/1984,+351 (328) 919-1999
Kessiah,Bucky,21/11/1978,+63 (969) 971-0993
Lynelle,Hallex,10/01/1999,+258 (491) 156-6993
Hillyer,Wildbore,09/07/1963,+86 (160) 356-7003
Joete,Whapples,01/11/1993,+7 (315) 644-2987
Natalya,Espina,17/12/1998,+86 (854) 797-5764
Cirillo,Braid,13/11/1991,+373 (132) 820-0933
Sibley,Van Haeften,26/02/1965,+62 (107) 709-3340
Jeanne,Ladbrook,04/05/1960,+351 (314) 919-6112
Stesha,Wheeliker,28/08/1967,+261 (570) 310-0918
Kari,Roostan,25/04/1968,+33 (306) 431-1656
Scarlet,Mohun,24/12/1998,+7 (118) 594-1028
Merwyn,Whittick,01/04/1996,+62 (367) 669-0735
Tabbi,Halsho,06/04/1974,+967 (784) 716-3912
Aylmer,Thickens,27/06/1964,+81 (648) 248-9582
Zachariah,Cheeld,16/08/1983,+1 (226) 503-2062
Kip,Sprigging,04/06/1976,+351 (649) 103-7766
Broderick,Biddell,10/05/1985,+63 (511) 965-0075
Meriel,Oram,29/10/1972,+47 (594) 200-0674
Hansiain,McLeod,23/02/1983,+507 (830) 225-3018
Alfred,Bunner,07/06/1968,+1 (661) 554-9839
Phebe,Siggery,28/10/1981,+7 (631) 313-5035
Carlynne,Daville,02/06/1963,+30 (498) 420-1211
Karalee,Sweetman,15/07/1989,+86 (166) 500-3148
Gabriele,Nortunen,09/01/1965,+380 (830) 917-6441
Josey,Stetlye,19/11/1972,+1 (318) 134-3264
Annette,Anselmi,13/02/1961,+62 (132) 137-6509
Marty,Eat,20/01/1986,+48 (338) 168-9303
Quintana,Noddle,08/08/1979,+86 (435) 850-6013
Cinda,McFeate,08/09/1999,+420 (530) 467-5440
Trace,Scholer,23/11/2000,+62 (629) 279-7965
Carmine,Badham,02/12/1977,+86 (678) 215-9366
La verne,Eynon,10/06/1980,+86 (882) 143-8296
Bealle,Craze,11/09/1993,+967 (846) 904-4919
Gwennie,Storry,12/07/1960,+1 (788) 608-0632
Bryn,Ghent,23/04/1973,+62 (372) 831-5118
Ulla,Jury,20/07/1966,+33 (808) 163-5270
Zorana,Mugglestone,08/09/1984,+63 (342) 727-5499
Mic,Addington,06/08/1969,+351 (228) 817-4620
Augustin,Brannan,30/12/1985,+381 (841) 221-3533
Fey,Labro,02/08/1974,+36 (999) 766-3264
Laughton,Goodee,09/04/1979,+1 (882) 652-4643
Kasey,Brewis,17/03/1985,+86 (988) 473-0879
Lonee,Baison,17/05/2001,+84 (413) 758-9763
Daisie,Tranfield,03/02/1963,+55 (921) 703-0370
Frederigo,Clapison,02/10/1962,+48 (801) 938-5214
Juliane,Battson,10/11/1997,+93 (671) 187-8207
Phedra,Oleszczak,21/02/1988,+62 (469) 659-4261
Harman,Threadgould,06/08/1967,+54 (762) 580-4412
Trace,Barbisch,04/12/1994,+62 (605) 504-6462
Jackquelin,Elcoate,08/06/1997,+48 (686) 439-5134
Magnum,Huet,16/07/1963,+62 (979) 745-4099
Abelard,Easeman,17/12/1998,+57 (116) 356-0306
Bendicty,Isley,06/05/1998,+63 (689) 258-2883
Karoline,Lacey,24/06/1979,+30 (189) 868-2473
Westley,Rubica,13/05/1962,+385 (924) 167-3606
Rozanne,Goodridge,12/03/1974,+55 (677) 725-7782
Idette,Shrimpton,31/05/1980,+380 (950) 138-0202
Iago,Tomasello,15/01/1975,+86 (496) 594-5236
Marleen,Dorricott,17/05/1973,+55 (601) 330-3053
Zelda,Horley,03/08/1995,+62 (454) 816-2027
Diahann,Catlin,14/03/1985,+86 (393) 306-1608
Allyn,Bulle,07/11/1964,+57 (951) 826-2493
Tonnie,Woolway,10/06/1968,+591 (900) 669-9844
Yurik,Lowe,19/01/1967,+48 (883) 663-9258
Roby,Gavini,01/05/1980,+51 (244) 323-2620
Noll,Iwanicki,27/11/1999,+63 (508) 373-9241
Si,Holdforth,30/08/1997,+30 (484) 603-3601
Katti,Britner,31/08/1983,+960 (942) 647-3850
Gallard,Fairlie,01/03/1979,+63 (274) 443-8326
Rey,Kinglesyd,24/06/1979,+86 (203) 132-1840
Ignaz,Caddie,08/03/1988,+998 (131) 124-0181
Helge,McGonnell,30/11/1991,+86 (898) 874-9186
Angelika,Dollard,25/05/1983,+54 (763) 173-8739
Adore,Worboy,19/11/1961,+86 (431) 756-2380
Antonietta,Swine,18/01/1979,+92 (965) 818-9354
Rosalie,Pullin,13/08/2001,+62 (714) 175-9645
Gibby,Ead,13/03/1969,+383 (997) 803-2395
Abram,Moors,30/06/1991,+380 (227) 472-2588
Wendy,Balfre,17/11/1972,+52 (190) 651-4922
Ellis,Jeaneau,24/01/1994,+86 (671) 249-0161
Wilhelm,Yukhnini,14/08/1973,+63 (565) 989-9836
Tull,Lomb,17/10/1994,+62 (914) 759-7250
Frannie,Blazy,08/09/1984,+46 (621) 854-7049
Etta,Noraway,12/03/1970,+57 (841) 899-2307
Anabella,Sunter,08/10/1992,+82 (332) 673-5165
Alisha,De Cruce,11/04/1994,+55 (481) 447-4861
Vergil,Tomala,15/04/1967,+998 (453) 288-8442
Trevor,Summerside,14/05/1979,+7 (806) 301-1377
Liuka,Polden,22/04/1979,+62 (521) 665-1016
Coraline,Woolager,12/02/1982,+355 (230) 417-1345
Corliss,Maddox,29/10/1982,+48 (500) 924-0808
Dallis,Girard,16/05/1970,+54 (258) 156-8427
Gerda,Klewer,29/08/1988,+33 (989) 639-1416
Arlette,Sawforde,31/10/1986,+63 (406) 644-8154
Palmer,Lakeman,09/10/1996,+509 (854) 251-0130
Teri,Elger,04/02/1989,+7 (805) 871-1158
Seana,Downham,08/02/1965,+86 (886) 689-5826
Justen,Guest,20/11/1999,+86 (719) 155-7245
Damiano,Battabee,19/10/1973,+86 (917) 407-4825
Tresa,Kolczynski,01/10/1976,+30 (762) 138-9089
Roxine,Barcke,02/09/1997,+375 (883) 615-4030
Theobald,Baldazzi,29/01/2000,+1 (910) 779-9041
Aleta,Fuller,11/06/1971,+381 (504) 641-4775
Rosalinde,Pagram,19/04/2001,+55 (519) 722-6879
Carlie,Levay,21/04/1999,+86 (506) 558-8437
Meggy,Beak,28/05/1999,+254 (278) 287-9554
Tory,Lohoar,02/06/1998,+355 (605) 247-6093
Glen,Sneath,02/12/1969,+84 (698) 745-4122
Elana,McConnulty,08/12/1990,+267 (854) 241-0893
Yettie,Gavrielli,10/06/1970,+86 (139) 896-6455
Drew,Leinthall,08/12/1979,+1 (537) 259-7947
Marlo,Veldens,02/01/1978,+63 (468) 429-1233
Tait,Muldoon,25/12/1978,+48 (203) 321-7343
Ignacius,Coppen,08/06/1999,+64 (534) 415-0353
Brok,Monro,30/05/1983,+1 (735) 654-6149
Tatiana,Allflatt,11/11/1968,+33 (132) 757-4506
Robinson,Lode,10/03/1968,+380 (140) 290-9930
Bernetta,Venour,22/09/1983,+86 (333) 638-5540
Jania,Kleinert,03/04/1964,+1 (654) 606-7624
Jerald,Ciobotaro,08/04/1999,+55 (974) 603-4492
Arlyn,Cookes,04/08/1966,+55 (980) 761-8445
Charyl,Stendall,17/11/1985,+86 (447) 728-2143
Maddy,Heinl,30/07/1991,+62 (248) 155-1458
Oralla,Marrison,30/05/1960,+62 (577) 719-6768
Sadella,Scatchard,09/02/1989,+995 (297) 680-4323
Celka,Filasov,25/07/1994,+1 (812) 445-8018
Eada,Ousley,24/08/1987,+48 (459) 407-4899
Briny,McLanachan,30/07/1988,+7 (939) 822-5213
Nell,McDaid,22/09/1982,+221 (932) 643-9453
Roby,Sandcraft,27/07/1961,+86 (573) 675-0435
Dorine,Lawie,13/05/1981,+258 (281) 962-8193
Shayla,Nunnerley,20/03/1967,+57 (865) 897-2662
Maritsa,Safhill,02/06/1982,+1 (310) 742-0482
Filmer,Pawson,03/01/1999,+86 (770) 802-9224
Adela,Baxandall,28/02/1971,+994 (901) 376-8736
Gillan,Sprott,13/02/1987,+62 (491) 945-2679
Holmes,Napleton,23/11/1961,+674 (566) 298-8492
Catlee,Brearton,03/07/2001,+62 (700) 884-2603
Antoinette,Phalip,21/08/1972,+45 (483) 511-5146
Ned,Conkay,28/04/1990,+252 (176) 207-4413
Corrie,Aneley,07/12/1970,+48 (122) 739-4707
Nick,Guerner,04/04/1974,+62 (154) 237-1011
Marget,Arthy,18/09/1964,+62 (989) 163-5179
Shelley,Antrack,13/04/1970,+380 (580) 834-8550
Clio,Kedslie,31/10/1999,+358 (351) 587-6563
Addi,Kamienski,20/04/1998,+30 (835) 483-6746
Carmine,Beneix,14/07/1990,+1 (432) 331-8238
Ivie,Ackland,19/04/1986,+34 (262) 867-2505
Colan,Baxster,13/11/1974,+55 (378) 964-1216
Nataniel,Waterson,15/04/1977,+63 (439) 491-3294
Shadow,Brachell,19/03/1998,+351 (191) 348-4676
Brent,Oddy,10/12/1996,+86 (635) 198-9157
Gwenny,Blything,18/02/1991,+251 (357) 633-0842
Ruth,Wilstead,04/05/1966,+7 (825) 602-6526
Nappie,Karlqvist,28/09/1988,+86 (887) 553-9888
Maible,Woodwing,20/04/1964,+33 (726) 827-7656
Merrel,Dovinson,29/05/1979,+57 (589) 475-4175
Olivie,Yurocjkin,25/10/1992,+86 (587) 162-0662
Isa,Kelloway,04/01/1986,+509 (418) 834-1640
Anders,Kenrack,26/09/1992,+221 (724) 383-7287
Bekki,Findlater,03/10/1981,+63 (617) 334-4646
Abbey,Dillon,11/11/1999,+46 (859) 854-3004
Daren,Mongain,18/09/1984,+63 (584) 988-3936
Jean,Batstone,14/04/1974,+57 (699) 983-1281
Ianthe,Hassen,17/01/1971,+7 (555) 703-0413
Tiphany,Broadberry,26/05/1966,+1 (494) 539-2374
Gerrie,Harpur,30/09/1966,+63 (200) 194-3312
Benito,Fletcher,15/07/1982,+234 (631) 232-3826
Lynnett,Caddens,26/04/1961,+86 (219) 349-5278
Powell,Tomaselli,31/05/1973,+86 (176) 703-3833
Barbi,Hacket,10/03/1992,+351 (160) 686-3162
Edie,Petricek,17/06/2001,+380 (473) 211-2358
Gannie,Toombes,21/02/1964,+386 (420) 804-9457
Sidonnie,Shill,18/08/1992,+55 (803) 418-1208
Eloisa,Lawlan,26/10/1968,+62 (704) 154-2330
Zacherie,Nicklen,26/01/1994,+7 (785) 671-3553
Darius,Metson,17/02/1998,+351 (885) 765-2728
Carolyn,Vanetti,28/05/1983,+58 (617) 580-3767
Flory,Beaumont,11/08/1970,+420 (998) 943-6068
Jackie,Ricketts,20/09/1978,+86 (719) 751-5880
Larissa,Farfull,13/04/1969,+33 (689) 377-2382
Thorpe,Birchner,15/08/1961,+55 (356) 841-6559
Zorana,Reynoollds,26/03/1986,+7 (301) 810-1254
Elijah,Samms,23/12/1994,+55 (895) 391-7295
Phelia,Andrag,05/04/1983,+256 (571) 911-6851
Aigneis,Rekes,26/08/1979,+66 (747) 386-4672
Homerus,Cassie,22/08/1987,+47 (849) 732-9743
Fowler,Milillo,09/09/1995,+7 (834) 728-6002
Michaelina,Albertson,01/07/1996,+52 (502) 242-0260
Mellisa,Shadfourth,21/05/1972,+1 (818) 225-7624
Madge,Adiscot,20/09/1995,+63 (237) 720-0139
Tomlin,Hynd,12/02/1995,+7 (260) 739-0258
Bradan,Copes,22/06/1978,+54 (650) 364-4249
Darice,Haggart,20/03/1991,+54 (143) 298-6423
Waylon,Storton,28/05/1977,+420 (364) 841-7169
Meaghan,Lydden,16/10/1979,+351 (676) 931-0353
Maisey,Flores,12/05/1978,+86 (331) 880-5042
Ophelie,Wollers,26/09/2000,+373 (198) 829-9391
Lina,Lusty,26/08/1969,+62 (560) 778-6656
Murry,Beekmann,30/09/1985,+371 (572) 695-8072
Rozina,Nuzzetti,10/05/1968,+48 (130) 267-0114
Layton,Bernardotti,06/12/1986,+48 (246) 768-0399
Matt,Carlile,13/05/1974,+63 (851) 212-9749
Ryan,Lippett,26/01/1970,+86 (263) 519-0827
Micky,Grinyov,28/07/1973,+46 (537) 733-2385
Adolf,Epinoy,09/03/1960,+86 (787) 319-2621
Johnath,Acedo,25/10/1983,+86 (255) 975-2419
Sheryl,Roeby,18/11/1962,+48 (451) 425-3370
Rufus,Kauffman,28/09/1997,+374 (355) 463-0087
Agnese,Linsley,13/03/1978,+86 (535) 898-3258
Karisa,Handslip,02/05/1981,+7 (986) 842-1015
Lonee,Londors,18/01/1999,+1 (798) 415-0742
Fidel,Pavett,01/07/1999,+998 (977) 235-5307
Cchaddie,Routh,24/02/1980,+63 (190) 970-7142
Hans,Knewstub,29/04/1962,+358 (907) 948-3242
Belle,Ackerley,02/04/1965,+591 (974) 824-9027
Tammie,Marjanovic,09/03/1973,+86 (167) 159-3783
Constantine,Swann,04/02/1993,+7 (657) 973-4467
Sissie,MacCaull,22/08/1981,+30 (255) 502-3601
Eddy,Jachimiak,24/03/1998,+86 (441) 358-9773
Morlee,Tefft,20/06/1990,+86 (186) 299-3154
Jerome,Daily,26/02/1993,+1 (202) 213-0750
Sal,Panas,23/01/2000,+967 (502) 408-4458
Dickie,Creboe,19/02/1991,+60 (699) 171-5955
Melisse,Scorer,31/10/1985,+62 (156) 459-2766
Shelley,Spavon,20/09/1976,+992 (687) 290-5137
Alissa,De Blasi,05/05/1995,+62 (603) 990-2004
Teodoro,Kinde,04/04/2001,+51 (101) 213-9741
Beauregard,Tutton,27/03/2000,+7 (230) 991-6128
Woodie,Cornwall,04/10/1980,+385 (282) 760-1085
Ali,Boyn,20/03/1973,+86 (973) 672-7465
Lorianne,Cawker,16/12/1979,+33 (197) 774-0352
Ruddie,Alloisi,06/03/1971,+57 (327) 652-5983
Gwendolin,Spinas,11/05/1977,+30 (585) 654-9396
Ethelin,Loyley,28/03/2001,+351 (622) 657-1232
Erda,Fawthrop,19/01/1977,+380 (238) 902-8914
Jethro,Trimme,01/10/1975,+63 (469) 107-6259
Gay,Zeal,08/05/1989,+86 (957) 121-3658
Marcellina,Stiger,02/05/1985,+55 (910) 838-4197
Anatole,Botwood,27/09/1987,+62 (588) 331-0129
Mickey,Jerschke,27/03/1972,+86 (243) 517-0308
Christian,Willgress,17/11/1971,+62 (778) 764-3174
Jackie,Cowton,01/09/1990,+33 (698) 336-2263
Ilario,Blackmore,09/07/1973,+212 (863) 572-9681
Dion,Reede,09/01/1992,+51 (293) 601-4699
Bridgette,Jeannet,06/06/1962,+7 (477) 159-9291
Charmion,Whetland,19/09/1995,+46 (123) 335-2446
Tobi,Rolinson,10/01/1989,+53 (467) 832-9535
Nicky,Doche,04/10/1987,+353 (319) 570-3629
Hayes,Cannicott,28/07/1988,+223 (191) 590-4613
Diane,Lasseter,02/07/1988,+27 (602) 213-6164
Carin,Derby,05/10/2000,+55 (192) 653-6349
