NameStudent,LastNameStudent,DateOfBirth,speciality
Torrance,Smalley,07/08/1987,Registered Nurse
Jason,Fihelly,16/10/1976,Programmer IV
Hayyim,Beardall,17/05/2000,Chief Design Engineer
Frazier,Follen,17/01/1976,General Manager
Dolph,Ashelford,10/05/1988,Director of Sales
Brice,Jeanenet,01/10/1982,Internal Auditor
Milo,Saintsbury,01/02/1993,Systems Administrator II
Judd,Skydall,22/08/1973,VP Marketing
Angel,Boerderman,17/09/1979,Environmental Tech
Agosto,Scalera,19/11/1987,Biostatistician I
Jeramie,Paddell,10/12/1987,Operator
Corbin,Occleshaw,04/03/1977,Tax Accountant
Manolo,Hindge,16/04/1989,Civil Engineer
Derek,Dalgleish,06/01/1961,Civil Engineer
Gabbie,Priel,05/06/1985,Developer III
Chandler,Duddan,04/11/1979,Senior Quality Engineer
Farleigh,Lancley,29/11/1971,Recruiter
Dorian,Peery,03/06/1990,Editor
Ferrel,Carde,19/11/1978,Payment Adjustment Coordinator
Morry,Brunskill,24/06/1992,Clinical Specialist
Phillip,Simants,25/07/1999,Sales Associate
Orville,Pesticcio,29/09/1972,VP Product Management
Harcourt,McSherry,09/05/1992,Human Resources Assistant I
Otis,Lube,24/11/1983,Systems Administrator I
Lay,Mullenger,08/08/1995,Project Manager
Karoly,Stone,06/01/2001,Systems Administrator II
Sigfried,Simmonett,16/09/1989,Geological Engineer
Alick,Craster,22/12/1960,Developer III
Amby,Dietzler,03/10/1995,Technical Writer
Jo,Kneeland,26/11/1992,Information Systems Manager
Ingamar,Kroon,26/04/1981,Electrical Engineer
Jock,Waterhowse,20/05/1996,Occupational Therapist
Minor,Dixon,22/12/1990,VP Sales
Leupold,Della,06/01/1963,Recruiter
Milt,Hathorn,04/11/1966,Systems Administrator I
Christoffer,Starling,13/08/1976,Office Assistant IV
Harlin,Wibrow,02/03/1971,Community Outreach Specialist
Thacher,Cable,02/02/1973,Payment Adjustment Coordinator
Nikolai,Chesterman,21/01/1990,Nurse Practicioner
Elwin,Moncarr,23/02/1978,Chief Design Engineer
Jud,Grishmanov,24/10/1989,Structural Engineer
Patin,Chastagnier,29/10/1999,Research Nurse
Haskell,Leece,18/12/1990,VP Marketing
Saunders,Elkins,20/05/1985,Geological Engineer
Bary,Taaffe,12/10/1979,Senior Financial Analyst
Travers,Fitzsymonds,12/08/1992,Junior Executive
Bruce,Staig,19/05/1978,Programmer Analyst IV
Kenn,MacCrosson,07/09/1968,Speech Pathologist
Rubin,Root,03/03/1979,Account Coordinator
Gib,Tointon,30/08/1961,Professor
Maximilian,Bootman,19/11/1977,Internal Auditor
Alistair,Janoschek,29/09/1972,Staff Scientist
Vittorio,Fawbert,22/04/1968,Executive Secretary
Morse,Conring,21/02/1967,Registered Nurse
George,Rannald,29/06/1972,Chemical Engineer
Sinclair,Pumfrey,19/05/1992,Media Manager IV
Edgard,Akaster,09/06/1988,Assistant Manager
Waldon,Dwelley,03/10/1990,Senior Financial Analyst
Shannon,Spensly,17/11/1988,Structural Analysis Engineer
Pascal,Roj,20/10/1969,Dental Hygienist
Alexandre,Cousins,12/08/1996,Geologist IV
Dillie,Reap,10/01/1977,Accounting Assistant I
Christos,Neilands,27/10/1977,Mechanical Systems Engineer
Temp,Atyeo,23/12/1961,Budget/Accounting Analyst II
Tibold,Chafer,21/03/1967,Account Executive
Ford,Stanford,08/08/1967,Human Resources Assistant II
Isaac,Flescher,08/12/1968,Food Chemist
Maximo,Bento,23/04/1981,Geological Engineer
Vernen,MacGillespie,01/10/1992,Research Nurse
Willdon,Willoughby,06/10/1968,Senior Developer
Stearne,Magee,10/01/1977,VP Marketing
Hobart,Cristofvao,10/08/1983,Budget/Accounting Analyst II
Stearn,Stronack,19/01/1977,Payment Adjustment Coordinator
Sibyl,Watkins,27/06/1983,Human Resources Assistant III
Portie,Gilhouley,24/06/1970,Sales Representative
Nathanil,Rosenstiel,05/06/1989,Chemical Engineer
Page,Greenard,24/03/1963,Chief Design Engineer
Noe,de Guise,01/11/1982,Physical Therapy Assistant
Ximenes,Antonellini,20/09/1967,Administrative Officer
Gery,Jeffries,30/12/1979,Statistician IV
Isidro,Tweed,03/11/1968,Geologist IV
Read,Riggulsford,11/10/1993,Analog Circuit Design manager
Dean,Kuhnert,26/11/1986,Nurse
Herbert,Grundy,29/06/1968,Structural Engineer
Karl,Braunds,14/02/1969,Software Consultant
Judd,Rew,11/03/1963,Tax Accountant
Harv,Tribble,20/03/1963,Help Desk Operator
Woody,Cooley,22/07/1968,Sales Representative
Sollie,Turrill,16/08/1997,Payment Adjustment Coordinator
Odell,Patriskson,11/09/1968,Web Designer I
Granthem,Colls,27/09/1983,Technical Writer
Morton,Potapczuk,23/01/1973,Project Manager
Barnie,Kemson,08/04/1964,Recruiting Manager
Reamonn,Ivashchenko,02/11/1968,Senior Quality Engineer
Iver,Dobney,05/12/1986,Senior Cost Accountant
Ty,Grieg,13/01/1964,VP Quality Control
Clemmie,Attenburrow,26/11/1980,Biostatistician II
Stanford,Hayland,09/02/1989,Web Developer IV
Gerard,Aronov,14/04/1975,Geological Engineer
Far,Waller,14/08/1994,Mechanical Systems Engineer
Ferdie,McQuirk,03/03/1967,Web Developer II
Emile,Ingilson,23/12/1978,Programmer Analyst IV
Webster,Mogenot,17/04/1973,Recruiter
Wilden,Godsell,02/01/1991,Senior Quality Engineer
William,Woodhams,12/06/1969,Business Systems Development Analyst
Royal,Braferton,04/07/1972,Nuclear Power Engineer
Ryley,McInnerny,13/01/1997,Professor
Fairlie,Gregson,14/09/1994,Technical Writer
Isak,Barbe,13/05/1982,Actuary
Bealle,Corringham,16/02/1968,Technical Writer
Wallis,Backen,26/02/1973,Civil Engineer
Zeb,Just,28/11/1982,Research Associate
Webb,Beardow,16/04/1989,Assistant Manager
Reinald,MacAirt,09/09/1965,Occupational Therapist
Waylin,Mackin,11/12/1995,Information Systems Manager
Rudy,Grimsdike,08/04/1978,Senior Financial Analyst
Ruy,Viel,04/09/1960,Executive Secretary
Blake,Papworth,08/06/1990,Operator
Jeffie,Jeens,24/06/1960,Automation Specialist III
Nilson,Seavers,24/04/1991,VP Marketing
Gay,Skypp,23/02/1970,Data Coordiator
Ingelbert,Mulheron,11/06/1968,Registered Nurse
Arnuad,Pedrol,14/03/1985,Graphic Designer
Powell,Gruszka,10/05/1997,Senior Developer
Edward,Gonzales,24/01/1973,Internal Auditor
Carr,Dench,24/11/1982,Administrative Assistant II
Owen,Volant,14/04/1962,Environmental Tech
Bradford,Paszek,24/06/1973,Quality Control Specialist
Lenci,Tomaello,25/01/1969,Human Resources Manager
Orton,Dunaway,10/05/1971,Junior Executive
Kip,Ravenscroftt,14/03/1988,Chief Design Engineer
Terrill,Ommundsen,02/08/1988,Clinical Specialist
Thomas,Landells,24/05/2000,VP Product Management
Pail,Pahler,23/09/1966,Automation Specialist III
Bev,Frear,01/07/2001,Nurse
Alvie,Machin,28/04/1990,Chemical Engineer
Pieter,Regenhardt,21/11/2000,General Manager
Gregoire,Ambroisin,14/10/1998,Actuary
Karney,McGuffie,30/06/1985,Statistician II
Rory,Mee,16/05/1997,Senior Developer
Ambrosius,Mayberry,13/07/1978,Chief Design Engineer
David,Woodson,28/09/1974,VP Quality Control
Tobin,Boissier,06/11/1987,Product Engineer
Wendel,Iacovelli,18/10/1974,Help Desk Operator
Siegfried,Brody,01/01/1984,Operator
Erhart,Thursfield,15/02/2001,Desktop Support Technician
Kearney,Stubbes,17/12/1995,Structural Analysis Engineer
Cornell,Vina,20/10/1990,Developer IV
Town,Vye,17/07/2001,Occupational Therapist
Berkeley,Sidaway,19/09/1998,Assistant Media Planner
Cosme,McEneny,13/10/1988,GIS Technical Architect
Artair,Selborne,01/10/1998,Social Worker
Barny,Enoch,16/05/1978,Product Engineer
Nickolaus,Eskrigge,22/06/1991,Statistician III
Miles,De Filippi,23/07/1964,Biostatistician IV
Jereme,Plowright,21/02/1985,Analyst Programmer
Ferdie,Shera,06/11/1986,Registered Nurse
Lucho,Caney,04/11/1966,Nuclear Power Engineer
Brade,Coat,20/12/1986,GIS Technical Architect
Raynor,Amor,23/09/1979,Software Consultant
Tobie,Davers,28/12/1993,Actuary
Filmer,Purvis,24/09/1980,Senior Cost Accountant
Gardie,Spensly,19/01/1988,Nurse
Waldo,Sotheron,06/04/1962,Sales Associate
Prescott,Hurford,17/12/1977,Director of Sales
Leif,Briton,15/07/1999,Legal Assistant
Irwin,Arndell,29/04/1966,Staff Scientist
Wolfie,Ginley,05/04/2000,Senior Quality Engineer
Ezekiel,Georg,08/01/1996,Compensation Analyst
Vic,Serck,14/03/1969,Senior Sales Associate
Hillel,Lebbon,04/10/1961,Human Resources Manager
Kalil,Camel,21/04/1999,Human Resources Manager
Norrie,Runchman,22/02/1963,Systems Administrator III
Morey,Goodband,08/11/1975,Junior Executive
Griffin,Nappin,01/08/1985,Accounting Assistant I
Jocko,Goroni,07/12/1975,Graphic Designer
Herbert,Topham,22/11/1988,VP Marketing
Tad,Oldmeadow,27/12/1968,Tax Accountant
Bard,Miners,16/05/1989,Systems Administrator IV
Clarke,Kem,22/04/1985,Senior Quality Engineer
Gallard,Reinhart,27/02/1979,Accountant IV
Isador,Fenners,23/10/1981,Dental Hygienist
Cletis,Ginman,16/06/1971,Software Engineer II
Geno,Ofen,23/12/1996,Accountant II
Hew,Charity,11/11/2001,Operator
Findlay,Sybbe,11/01/1995,Safety Technician II
Bartel,Cumming,08/04/1999,Clinical Specialist
Robers,Overill,23/08/1979,Tax Accountant
Sam,Tithacott,23/04/1960,Senior Developer
Dallon,Gristock,19/06/1987,Geological Engineer
Maurise,Dryden,02/01/1961,Senior Editor
Jakie,Hellewell,25/11/1980,VP Quality Control
Hamlen,Llewhellin,09/01/1993,Computer Systems Analyst IV
Alwyn,St. Paul,03/01/1980,Graphic Designer
Alejoa,Hinz,14/05/1978,Research Assistant IV
Kahaleel,Saxon,02/11/1985,Media Manager IV
Martainn,Stoffers,11/07/1999,Desktop Support Technician
Burl,Leidl,01/02/1977,Junior Executive
Thoma,Blackmore,28/06/1985,Software Engineer II
Cleon,Gavagan,11/08/1967,Executive Secretary
Park,Leonida,17/07/1994,Assistant Media Planner
Reinold,Piscopo,19/05/1997,Business Systems Development Analyst
Sunny,Fennell,23/09/1983,Internal Auditor
Blaine,Rigeby,19/03/1989,Associate Professor
Gustav,Oxlade,15/07/1964,General Manager
Miguel,Danniell,04/08/1984,Research Nurse
Bordy,Lawrence,08/11/1974,Recruiting Manager
Koenraad,Adrain,26/12/1977,Assistant Manager
Kipper,Peinton,01/01/1987,Data Coordiator
Magnum,Larkin,23/06/1970,Community Outreach Specialist
Doug,Cruickshanks,01/02/1988,Account Executive
Dmitri,Cratere,18/05/1962,Assistant Manager
Menard,Gallaher,19/04/1983,Tax Accountant
Wash,Manklow,23/12/1989,Help Desk Technician
Gaven,Sabattier,05/04/1980,Quality Control Specialist
Bryant,Baythrop,30/07/1983,Marketing Manager
Maxy,Wetherick,08/11/1980,Data Coordiator
Johann,Jefferson,22/10/2001,Biostatistician I
Luciano,Vanelli,27/10/1992,Financial Advisor
Kienan,Bridgnell,23/04/1996,Assistant Professor
Selby,Pryer,29/04/1985,Information Systems Manager
Graham,Mallebone,27/09/1979,Assistant Media Planner
Amby,Keyworth,10/06/1988,Chemical Engineer
Roddy,Janiszewski,23/01/1964,Editor
Clementius,Bogie,15/09/1970,Developer II
Mortie,Klimov,19/06/1992,Recruiting Manager
Nikola,Patemore,20/12/1994,Data Coordiator
Reggy,Hugle,22/11/1961,Human Resources Manager
Niels,Kennealy,13/02/1998,Web Designer II
Cameron,Giacobini,16/12/1972,Recruiting Manager
Rodrick,Springthorp,12/12/1986,Biostatistician I
Cully,Witcomb,08/06/1991,VP Accounting
Kenyon,Sparshatt,01/04/2001,Account Representative IV
Kerby,Newburn,05/11/1979,Civil Engineer
Harley,Deeth,26/04/1973,Analyst Programmer
Iorgos,Raubenheimers,16/02/1966,Desktop Support Technician
Morty,Gadsdon,14/11/1964,Accountant II
Patrizio,Amey,03/03/1976,Analog Circuit Design manager
Riordan,Weson,08/10/1992,VP Sales
Shepard,Fache,13/08/1991,Tax Accountant
Ernesto,Daybell,26/06/1999,Internal Auditor
Orson,Hawke,04/09/1973,Librarian
Den,Selly,18/08/1964,Payment Adjustment Coordinator
Bruis,Moran,27/02/1981,Human Resources Manager
Hadley,Hammand,02/08/1996,Electrical Engineer
Karney,Hindhaugh,06/10/1960,Recruiter
Launce,Crighton,06/12/1979,Junior Executive
Hastie,Duplain,11/05/1970,Professor
Cecilius,Mountstephen,24/10/1971,Desktop Support Technician
Giovanni,Trayton,26/07/1976,Speech Pathologist
Trey,Henlon,25/01/1978,Senior Cost Accountant
Grantham,Dmitrienko,21/02/2000,Software Engineer III
Bay,Gobert,12/07/1988,Environmental Tech
Ellsworth,Pitrelli,24/05/1992,Assistant Media Planner
Shae,Moyle,11/08/1970,Database Administrator III
Berky,Butteris,30/04/1969,Compensation Analyst
Townie,Pearsall,30/09/1982,Technical Writer
Rollins,Ilbert,06/09/1970,Accounting Assistant IV
Emlyn,Minchindon,25/02/1973,Clinical Specialist
Burr,Fitzpatrick,16/10/1972,Financial Advisor
Onfre,Risdale,10/05/1987,Web Developer II
Orlan,Toft,06/07/1987,Civil Engineer
Paddy,Royston,23/01/1965,Office Assistant III
Patrizio,Bonin,05/07/2000,VP Sales
Ebeneser,Shoreson,29/09/1980,Computer Systems Analyst III
Che,Feavyour,06/07/1974,Software Consultant
Nathan,Semonin,27/08/1993,Safety Technician I
Enrico,Gilluley,19/10/1962,Health Coach IV
Lyon,Laybourne,11/01/1961,Analyst Programmer
Gerhard,Keenan,26/09/1993,Desktop Support Technician
Meredeth,Vallow,21/09/1980,Executive Secretary
Jamison,Foulds,06/07/1989,Statistician I
Ferris,Mayhow,29/04/1977,VP Sales
Zebulen,Sherwyn,05/01/1982,Project Manager
Elijah,McTague,09/01/1986,Geologist IV
Andrus,Trudgion,26/03/1979,Tax Accountant
Kelby,De L'Isle,06/02/1984,Food Chemist
Travis,Larkcum,02/03/1987,Director of Sales
Nikos,Dupree,25/03/1982,Technical Writer
Cammy,MacPaike,26/05/1998,Desktop Support Technician
Rudolf,Peppett,09/01/1982,Quality Engineer
Farly,Coleyshaw,04/01/1979,Payment Adjustment Coordinator
Maurice,Langdale,30/05/1979,Staff Accountant IV
Arvin,Solano,07/06/1987,Staff Scientist
Derick,Brownsmith,16/03/1982,Chemical Engineer
Enrico,Ottey,06/10/1992,Business Systems Development Analyst
Myron,Skowcraft,24/12/1997,Software Consultant
Buiron,Raven,15/11/1999,Staff Scientist
Wright,Bogue,13/11/1978,Clinical Specialist
Benoit,Dallywater,13/02/2001,Office Assistant II
Noak,Gallear,08/05/1978,Human Resources Manager
Aube,Zealey,17/02/1990,Engineer I
Cedric,Anwell,12/12/1976,Software Engineer III
Barney,Mozzi,29/05/1998,Database Administrator II
Kristoffer,Shepeard,18/01/1969,Senior Financial Analyst
Boigie,Churches,22/11/1981,Financial Analyst
Che,Menco,27/03/1988,Food Chemist
Damiano,Bembrick,17/08/1964,Software Consultant
Tod,Queripel,19/10/1978,Community Outreach Specialist
Jerrold,Derycot,21/05/1973,GIS Technical Architect
Archambault,Birkwood,11/07/1986,Speech Pathologist
Dalis,Huriche,27/06/1989,Senior Developer
Kliment,McMurtyr,04/03/1978,Business Systems Development Analyst
Norry,Vinas,24/10/1962,Payment Adjustment Coordinator
Homerus,Isacsson,11/06/1964,Data Coordiator
Kenneth,Inkpen,07/03/1980,Engineer III
Peter,Ricco,10/09/1998,Human Resources Assistant I
Goraud,Jankowski,22/11/1981,Recruiting Manager
Stanly,Apple,10/10/1981,Marketing Assistant
Llywellyn,Huxley,21/11/1969,Programmer IV
Richy,Linturn,07/04/1983,Data Coordiator
Jedd,Lewisham,20/11/1969,Pharmacist
Gayle,Michal,31/10/1994,VP Accounting
Courtney,Ribbens,14/10/1996,Professor
Gabe,Tibalt,03/12/1962,Desktop Support Technician
Husain,Reddie,06/09/1992,Physical Therapy Assistant
Maxwell,Brazil,12/08/2000,Structural Analysis Engineer
Keefe,Cicci,17/09/1987,Assistant Manager
Tremayne,Apfler,21/01/1990,Health Coach IV
Felix,Laetham,03/07/1984,Physical Therapy Assistant
Curran,Ayre,24/07/1977,Sales Associate
Kennan,Lamberto,22/10/1974,Software Consultant
Kahlil,Fessier,08/02/1998,Desktop Support Technician
Allyn,Maffeo,26/11/1986,Recruiting Manager
Nikolas,Jaksic,12/04/1985,Account Representative III
Chick,Gethyn,06/12/1976,Budget/Accounting Analyst IV
Sean,MacIan,30/03/1993,Media Manager II
Nataniel,McTurlough,28/08/1978,Account Coordinator
Durant,Card,11/03/1999,Food Chemist
Trenton,Nowak,28/01/1987,Food Chemist
Byron,Cottell,21/08/1966,Geological Engineer
Fax,Golton,10/08/1968,Account Representative IV
Lucien,Thurborn,04/07/1996,Design Engineer
Norby,Dowzell,04/11/1986,Engineer III
Roberto,Cumberland,01/06/1988,Assistant Manager
Martainn,Gettone,14/11/1989,Sales Associate
Bayard,Reeks,17/10/1962,Senior Editor
Colan,Sturley,23/10/1988,Media Manager II
Grange,Mansford,10/04/1962,Clinical Specialist
Bert,Briar,05/03/1964,Financial Advisor
Tadio,Civitillo,23/02/2001,Structural Analysis Engineer
Alistair,Boyet,26/03/1961,Chemical Engineer
Noel,Micallef,26/01/1998,Design Engineer
Winny,Tregensoe,05/09/1960,Research Nurse
Hobard,Foldes,09/05/1993,Recruiter
Waiter,Roaf,08/03/1974,Pharmacist
Freeland,Manon,02/10/1979,Account Executive
Berty,Creus,26/11/1989,Web Developer I
Garry,Jaques,17/09/1987,Junior Executive
Gil,Dryburgh,17/08/1967,Accountant III
John,Zuppa,23/04/1979,GIS Technical Architect
Lloyd,Ranns,18/12/1999,Administrative Officer
Orland,Ells,11/09/1982,Chemical Engineer
Mord,De Laci,21/06/1976,Environmental Tech
Chen,Worsall,05/11/1969,Tax Accountant
Raddie,Hagston,30/03/1989,Cost Accountant
My,Lowle,04/05/1995,Legal Assistant
Rafael,Dood,08/06/2001,Legal Assistant
Derk,Keneleyside,07/04/1991,Administrative Assistant II
Armando,Jonuzi,15/05/1999,Assistant Media Planner
Kennith,Hurdman,01/11/2000,Staff Accountant III
Roderigo,Force,13/10/1972,Environmental Tech
Jocko,Jirik,24/07/1972,Sales Representative
Emelen,Wickendon,07/02/1974,Editor
Valle,Sherewood,23/08/1967,Dental Hygienist
Udall,Freiburger,22/07/1963,Marketing Manager
Paulo,Abrey,09/03/1968,Help Desk Operator
Wake,Ollis,17/05/1973,Software Consultant
Jessee,Dispencer,12/03/1990,Account Representative I
Gawain,Rollins,28/04/1970,Research Assistant IV
Reg,Dutton,23/08/1987,Statistician I
Gauthier,Trustey,17/04/1967,Senior Quality Engineer
Mandel,Waterfall,06/05/1996,Business Systems Development Analyst
Merrick,Postins,17/08/1967,Cost Accountant
Gaston,Reggler,08/05/1978,Director of Sales
Theobald,Pretty,06/01/1967,Nurse
Darius,McLauchlin,24/03/1962,Occupational Therapist
Anatol,Blackbrough,22/06/1963,Professor
Giorgi,Allston,30/12/1961,Web Designer III
Godfry,O'Callaghan,17/11/1961,Graphic Designer
Ansell,Andreutti,31/10/1997,Programmer Analyst I
Huntley,Greenin,11/11/1989,Tax Accountant
Shane,Huntar,15/09/1998,Graphic Designer
Christiano,Sewley,31/12/1999,Geological Engineer
Aubert,Scoates,18/10/1984,Technical Writer
Les,Matterface,27/10/1996,Teacher
Alford,Nuttall,03/11/1979,Automation Specialist IV
Steward,Burgiss,29/11/1973,Analyst Programmer
Irving,Bowery,23/08/1978,Marketing Assistant
Patten,Shieldon,05/06/1981,Analog Circuit Design manager
Thane,Logg,08/06/2001,Chief Design Engineer
Scotty,Mears,07/11/1985,Information Systems Manager
Karl,Powe,14/10/1998,Data Coordiator
Chase,Sandeford,30/06/1992,Geological Engineer
Julio,Muck,01/02/1986,Occupational Therapist
Berke,Mulloch,29/06/1986,Environmental Specialist
Reidar,Du Hamel,31/07/2000,Project Manager
Lorenzo,Brokenshaw,06/08/1965,Safety Technician I
Rutledge,Jane,13/07/1970,Cost Accountant
Hube,Ivatt,13/11/1992,Senior Editor
Pieter,Dobey,09/10/1963,Product Engineer
Javier,Raccio,13/04/1992,Senior Sales Associate
Bondie,Suddell,19/10/1978,Actuary
Tucky,McJarrow,01/03/1986,VP Accounting
Killian,Gaveltone,17/08/1999,Clinical Specialist
Tan,Croysdale,24/06/1968,Assistant Media Planner
Lothario,Fairhall,07/09/1981,Associate Professor
Terry,Gourlay,31/05/1975,Help Desk Technician
Lee,Buckenham,01/07/1967,Technical Writer
Elroy,Bundey,24/11/1976,Account Coordinator
Stinky,Rilings,13/04/1997,Nuclear Power Engineer
Warren,Whitear,24/04/1985,Account Executive
Malvin,Jeandon,21/02/1997,Executive Secretary
Ephraim,Muirhead,24/07/1988,Web Developer III
Raoul,Oldershaw,19/09/1992,Research Nurse
Mikkel,Surguine,24/06/1967,Internal Auditor
Justis,Lamba,05/08/1990,Account Executive
Bealle,Ruddiman,05/03/1993,Analyst Programmer
Herbert,Huggard,09/09/1962,Mechanical Systems Engineer
Ignatius,Dansie,05/02/1992,Quality Engineer
Dene,Jerzycowski,25/01/1976,Web Developer I
Alyosha,Friedenbach,04/05/1969,Actuary
Randie,Bruneton,25/10/1991,Senior Sales Associate
Cristiano,Jovic,24/06/1978,Graphic Designer
Nealon,Janny,22/12/1960,Senior Quality Engineer
Davide,Culligan,13/01/1987,Office Assistant II
Donall,Deeley,17/05/1962,Software Engineer I
Ivan,Sams,20/02/1989,Human Resources Assistant IV
Vernor,Wilkison,02/01/1961,Occupational Therapist
Herold,McKearnen,08/02/1965,Community Outreach Specialist
Willi,Leyninye,22/12/1972,Software Engineer IV
Rogers,O'Glassane,27/04/1983,Assistant Manager
Mikkel,Helliar,13/06/1986,Administrative Officer
Erhart,Ivanenkov,08/02/1977,Safety Technician I
Forester,Exall,26/01/1968,Teacher
Thain,Darwood,06/09/1989,Senior Sales Associate
Elwood,Naisbit,05/07/1994,Technical Writer
Alberik,Creavin,29/09/1967,Engineer III
Ilario,Blackborne,02/02/1984,Analog Circuit Design manager
Gordon,Tockell,24/01/1980,Business Systems Development Analyst
Raviv,Songist,18/07/1997,Junior Executive
Dory,Iacobassi,20/05/1996,Internal Auditor
Ignace,Haizelden,22/06/1976,VP Product Management
Nathaniel,Flawith,29/03/1992,Web Designer I
Vlad,Hallad,13/02/1970,Information Systems Manager
Marion,Gilham,15/05/1995,Librarian
Sebastiano,Dorrity,25/08/1999,Marketing Manager
Ryley,Bewsy,29/12/1998,Analog Circuit Design manager
Dillon,Joselovitch,19/01/1968,Design Engineer
Geordie,Swadden,15/06/1987,Physical Therapy Assistant
Yule,Mulliss,15/01/1978,Project Manager
Ellary,Van Baaren,31/01/1977,Help Desk Technician
Waylan,Botger,03/12/1995,Desktop Support Technician
Griffie,Shurrock,22/04/1980,Information Systems Manager
Reid,Vines,16/07/1996,Sales Representative
Odie,Grollmann,22/06/1981,Analog Circuit Design manager
Erastus,Thwaites,04/01/1996,Nurse
Perceval,Poure,22/12/1986,Biostatistician II
Judon,Dilliston,23/10/1974,Analyst Programmer
Wallie,Cordeix,26/06/1975,Office Assistant IV
Phip,Ewbanck,05/11/1960,Health Coach II
Lewes,Desson,04/05/1987,Dental Hygienist
Kele,Breffit,21/08/1979,Human Resources Manager
Wes,Apfelmann,24/07/1993,Human Resources Manager
Fransisco,Hamblen,30/08/1986,Clinical Specialist
Bradly,Iremonger,30/12/1962,Clinical Specialist
Jeffrey,Sully,20/02/1991,Librarian
Tabor,Kershaw,10/03/1974,Account Executive
Yul,Collis,06/10/1984,Marketing Assistant
Eamon,Ettles,18/03/1979,Accountant II
Wainwright,Beekmann,04/12/1983,Safety Technician II
Dael,Davidou,04/10/1973,Professor
Mychal,Brabin,01/11/1987,Professor
Ellwood,Serrurier,01/08/1969,Software Engineer IV
Zackariah,Mewes,07/11/1966,Web Designer II
Conrade,Cossey,22/09/2001,Community Outreach Specialist
Roi,Hardiker,31/12/1963,Payment Adjustment Coordinator
Ozzie,Addie,23/01/1978,Assistant Media Planner
Xever,Easdon,11/10/1965,Account Coordinator
Sumner,Brimacombe,10/03/2000,Marketing Manager
Sandy,Balassa,02/06/1987,Accounting Assistant II
Shaine,Erbain,08/06/2001,Payment Adjustment Coordinator
Brendan,Dumbare,01/12/1992,Senior Quality Engineer
Welsh,Rawlin,23/08/1972,Civil Engineer
Donny,Jailler,26/03/1981,VP Sales
Zackariah,Boundey,21/05/1968,Professor
Fletcher,von Grollmann,18/11/1965,Product Engineer
Iago,Coombs,10/10/1988,Clinical Specialist
Davidson,Jeenes,20/10/1980,Environmental Specialist
Aron,Sarge,11/11/1983,Senior Cost Accountant
Westbrook,Vayne,25/01/1969,Speech Pathologist
Artemus,Bliven,16/05/1997,Chief Design Engineer
Liam,Charette,13/05/1986,Clinical Specialist
Alphonse,Reide,19/04/1994,Accounting Assistant III
Syman,Pinches,11/12/1978,Automation Specialist IV
Deck,Ingley,26/06/1971,Senior Quality Engineer
Aloin,Casado,04/08/1999,Programmer Analyst III
Talbert,Breakspear,09/10/1980,Director of Sales
Nick,Levay,12/11/1990,Cost Accountant
Nowell,Skelton,23/05/1961,Community Outreach Specialist
Cordy,Genty,10/02/1978,Senior Financial Analyst
Finn,Yeeles,24/09/1967,Quality Control Specialist
Berty,Gores,03/05/1990,Assistant Media Planner
Cris,McCullough,19/12/1967,Information Systems Manager
Cornell,Loveitt,15/04/1989,Teacher
Moses,Crutcher,29/10/1976,Registered Nurse
Vito,Sanpere,13/03/1994,Sales Associate
Travus,Mustin,10/11/1978,Business Systems Development Analyst
Vassily,Le Guin,14/04/1988,Developer I
Stacee,Yarrell,22/04/1988,Administrative Assistant III
Jerald,Medgewick,11/10/1964,Accountant IV
Dalt,Borgnol,05/12/1971,Health Coach IV
Horace,MacGibbon,01/03/2001,Physical Therapy Assistant
Nobe,Creber,30/05/1970,Programmer Analyst II
Edik,Fliege,27/05/1964,Computer Systems Analyst I
Hunt,Schonfelder,12/12/1961,VP Sales
Colas,Kitlee,13/09/1982,Analog Circuit Design manager
Englebert,Hasluck,04/02/1996,Analyst Programmer
Ermanno,Tonbye,29/11/1969,Electrical Engineer
Ossie,Bonhomme,25/11/1973,Occupational Therapist
Eli,Jaffa,22/11/2000,Chief Design Engineer
Onfre,Skace,17/05/1969,VP Product Management
Lock,Miere,15/05/1990,Financial Advisor
Bevan,Breitling,12/04/1974,Accountant III
Mackenzie,Yesenin,01/05/2000,Mechanical Systems Engineer
Clemente,Devonside,13/11/1961,Chief Design Engineer
Millard,Linnane,05/07/1996,Product Engineer
Ogdon,Stangoe,02/12/1965,Help Desk Technician
Erek,Brymham,14/02/1962,Civil Engineer
Pavel,Kippie,20/06/1988,Research Associate
Delbert,Casali,28/05/1967,Social Worker
Caryl,Stevenson,02/02/1974,Analog Circuit Design manager
Perry,Stobo,23/10/1964,Technical Writer
Georgie,Borrel,02/01/1990,Research Nurse
Toiboid,Ludvigsen,28/10/1988,Automation Specialist II
Lyman,Cleaveland,18/08/1962,Business Systems Development Analyst
Conway,Button,19/09/1991,Senior Editor
Joe,Ehlerding,13/04/1963,VP Product Management
Germaine,Oldroyde,06/04/1963,Senior Cost Accountant
Hale,Dillistone,22/02/1993,VP Marketing
Hyman,Elmes,14/02/1962,Quality Control Specialist
Kleon,Billett,18/07/1974,Senior Sales Associate
Duncan,Ferraron,17/06/1995,Software Engineer I
Torrence,Trayford,28/04/1963,Health Coach IV
Vince,Berrington,11/03/1985,Graphic Designer
Rainer,McDonand,15/04/1969,Marketing Assistant
Samuel,Playford,25/12/2001,GIS Technical Architect
Padget,Stangoe,23/02/1977,Help Desk Technician
Vidovik,Blackboro,07/02/2000,General Manager
Brigg,Schutter,05/09/1983,Actuary
Oswald,Pietzker,11/07/1986,VP Quality Control
Chad,Smithe,30/05/1976,Tax Accountant
Fairleigh,Nolte,09/12/1981,Marketing Manager
Raimund,Rossander,23/05/1973,Marketing Manager
Rollie,Gynni,28/10/1969,Financial Advisor
Pablo,Goldine,04/05/1968,Quality Engineer
Krishnah,Ollis,11/06/1975,Administrative Assistant IV
Garner,Emmer,12/09/1986,Project Manager
Gordon,Barbey,28/11/1969,Financial Advisor
Innis,Trittam,09/03/1992,Analog Circuit Design manager
Dan,Egleton,23/11/1982,Engineer III
Devlin,Ribeiro,13/06/1988,Occupational Therapist
Rudd,Kitlee,21/04/1999,Compensation Analyst
Torr,Wainscot,25/03/1992,Technical Writer
Caesar,Klimke,20/10/1981,Web Developer IV
Clerc,Sawnwy,10/02/1991,Research Nurse
Harris,Darville,15/02/1965,Web Developer III
Ilaire,Hurren,22/02/1978,Web Developer IV
Jeffie,Thatcham,21/06/1976,Nuclear Power Engineer
Lancelot,Nossent,04/01/1964,Assistant Manager
Iosep,Pennell,14/12/1974,Paralegal
Witty,Habberjam,04/08/1982,Systems Administrator III
Denny,Shevlane,02/10/2000,Paralegal
Richy,Hedon,26/11/1998,VP Marketing
Rubin,Louche,18/07/1991,Nuclear Power Engineer
Griswold,Danter,16/12/1983,Cost Accountant
Jock,Rilston,08/10/1975,Analyst Programmer
Arnuad,Cullin,14/12/1961,Web Developer I
Timothy,Collumbine,24/06/1977,Quality Engineer
Leonid,Bonallick,19/01/1977,Analyst Programmer
Flint,Worcester,21/03/1961,Sales Representative
Archer,Filon,14/07/1999,Geologist I
Tommy,Phizakarley,12/04/1975,Clinical Specialist
Brant,Coppard,11/03/1998,VP Quality Control
Stanleigh,Alonso,21/11/1968,Biostatistician III
Edmund,Roistone,20/01/1962,Systems Administrator I
Allard,Swayton,01/08/1985,Administrative Officer
Perceval,Fulun,30/10/1976,Engineer III
Corbett,Mulcock,26/03/1965,Assistant Manager
Boote,Ashford,18/06/1979,Accounting Assistant III
Dov,Frichley,18/04/1976,Account Executive
Erl,Mannooch,06/06/1981,Paralegal
Shanan,Minthorpe,21/02/1962,Account Coordinator
Jerald,McSporon,27/08/1960,Data Coordiator
Nickolaus,Pingstone,03/09/1993,Actuary
Loren,Krzyzaniak,27/08/1992,Clinical Specialist
Eldredge,Alexsandrowicz,12/06/1991,Pharmacist
Stirling,Lomen,31/05/1976,Research Nurse
Bennie,Orgel,13/11/1970,Clinical Specialist
Nap,Banford,29/02/1984,Project Manager
Igor,Allwell,11/01/1990,Research Assistant IV
Clement,Kenvin,07/06/1984,Editor
Lynn,Rigbye,04/11/1997,Legal Assistant
Dunc,Trulock,25/03/1992,Engineer III
Valentine,Wraight,19/06/1996,GIS Technical Architect
Salomon,Garvie,04/06/1994,Help Desk Operator
Cord,Sambrook,03/11/1972,Software Engineer IV
Gallagher,Addy,23/09/1982,Graphic Designer
Tirrell,Clough,03/04/1989,Associate Professor
Corbin,Wais,22/06/1977,Editor
Chicky,Strongman,09/04/1989,Food Chemist
Adolphe,Jowsey,02/03/1997,Developer IV
Octavius,Girod,10/01/1978,VP Sales
Fidelio,Tangye,16/09/1971,Physical Therapy Assistant
Enos,Chaundy,12/06/1977,Office Assistant I
Matthieu,Phripp,21/11/2001,Senior Cost Accountant
Yehudit,Diver,29/01/1985,Business Systems Development Analyst
Orren,Element,19/08/1965,Web Designer II
Danya,Caulket,02/12/1960,Associate Professor
Wake,Schwier,17/11/1998,Senior Editor
Gearalt,Alexander,10/07/1967,Librarian
Kelby,Emmanueli,10/03/1981,Media Manager IV
Torrence,Clymer,05/02/1966,Paralegal
Marten,Shinefield,07/01/1991,Occupational Therapist
Putnem,Andreone,18/12/1963,Assistant Media Planner
Duffie,Knightsbridge,03/04/1980,Pharmacist
Tristan,Prodrick,27/03/1998,Registered Nurse
Brook,Becket,08/03/1972,Senior Editor
Karlan,Guerra,27/06/1993,Geological Engineer
Rudolfo,Pegram,22/10/1989,Human Resources Assistant III
Donavon,Saggs,22/04/1969,Structural Analysis Engineer
Gerhard,Hewins,17/10/1996,Civil Engineer
Percy,Looker,27/12/1978,VP Product Management
Bondie,Synder,01/10/1984,VP Sales
Billy,Sommerfeld,24/12/1974,Recruiting Manager
Angelo,Coathup,05/08/1991,Environmental Tech
Ashlin,Silversmid,13/12/1973,Executive Secretary
Cad,Salters,10/08/1985,Social Worker
Marty,Whittick,29/07/1967,Dental Hygienist
Welbie,Drinkhall,11/12/1962,Staff Accountant III
Bo,Bellerby,19/07/1975,Chief Design Engineer
Zeke,Haggart,29/04/1991,Research Nurse
Markus,Prynne,06/11/1995,Structural Analysis Engineer
Arte,Draayer,07/05/1976,Analog Circuit Design manager
Kennie,Hanhardt,28/06/1987,Occupational Therapist
Murray,Traves,02/05/1993,Associate Professor
Syman,Patria,29/07/1993,Administrative Officer
Lorrie,Kyngdon,29/06/1989,Director of Sales
Karoly,Woolham,23/04/1970,Executive Secretary
Niccolo,Shearstone,20/02/1982,Marketing Manager
Andie,Durno,24/10/1989,Electrical Engineer
Vale,Mizen,17/01/1999,Analog Circuit Design manager
Chrotoem,Sinkins,12/01/1981,Internal Auditor
Kit,Laugheran,15/11/1979,Executive Secretary
Augustus,Pennick,05/07/1960,Structural Engineer
Gail,Crispin,08/06/1969,Information Systems Manager
Arturo,McVanamy,01/03/1979,Media Manager IV
Alard,Mersey,14/02/1980,Actuary
Aluin,Annice,09/02/1979,Assistant Manager
Neddie,Smouten,10/01/2000,Clinical Specialist
Borg,Grinyer,04/12/1968,Dental Hygienist
Barbabas,Pridmore,03/10/1961,Automation Specialist IV
Tanney,Jordan,23/11/1966,Design Engineer
Marcos,Tarbert,19/03/1972,Geologist IV
Tynan,Guiduzzi,18/03/1995,VP Product Management
Sterne,Lucian,18/10/1996,Analog Circuit Design manager
Winfield,Hatfull,24/04/1994,Electrical Engineer
Baxie,Corcut,14/11/1985,Civil Engineer
Reagen,Zellmer,21/07/1977,Editor
Huberto,Atwood,26/01/1989,Pharmacist
Sebastian,Petrushanko,04/10/1965,Librarian
Dilan,Clancy,08/11/1997,Junior Executive
Dav,Cowing,08/07/1971,Accounting Assistant II
Tammy,Stone Fewings,23/12/1969,Electrical Engineer
Jimmie,Vanyashin,17/04/1979,Database Administrator II
Ransom,Cron,21/06/1990,Electrical Engineer
Killian,Patriskson,05/07/1977,Legal Assistant
Iosep,Danieli,27/12/1998,Statistician I
Dana,McGilleghole,12/04/1979,VP Quality Control
Burg,Gruczka,10/02/1983,Dental Hygienist
Hilary,St Pierre,13/01/1990,Account Representative I
Davidson,Hacon,21/03/1963,Account Coordinator
Ethe,Andreopolos,21/02/1979,Senior Quality Engineer
Elbert,Poznan,04/03/1965,Account Coordinator
Baudoin,Syres,25/10/1979,Data Coordiator
Hurleigh,Meah,14/11/1984,Graphic Designer
Sigismond,Seeman,12/08/1979,Data Coordiator
Salmon,Tummons,04/07/1982,Librarian
Linn,Weddeburn - Scrimgeour,20/10/1983,Chief Design Engineer
Hillary,Crickmer,12/07/1971,Systems Administrator IV
Jeno,Plumm,15/09/1965,Assistant Manager
Marty,Beachamp,23/12/1997,Clinical Specialist
Kellby,Lambertson,03/07/1974,Accountant III
Byram,Morrissey,27/08/1961,Marketing Manager
Silas,Bassindale,01/06/1962,Account Representative III
Bank,Beldon,21/09/1965,Geological Engineer
Ulises,Carvilla,14/01/1977,Librarian
Duky,Negal,10/04/2000,Senior Developer
Pietro,Droogan,27/11/1986,Statistician I
Yancey,Nehl,02/08/1979,Engineer III
Marcello,Ironside,11/11/1960,Design Engineer
Armin,Corkitt,18/03/2000,Software Test Engineer III
Thayne,Swadden,28/09/1960,Health Coach III
Bryanty,Dower,16/12/1990,Safety Technician I
Eric,Broun,06/07/1991,Automation Specialist II
Murray,Beadel,18/01/1990,Information Systems Manager
Yves,Rand,23/08/1977,Physical Therapy Assistant
Griswold,Ormes,14/04/1991,Technical Writer
Galvan,Fremantle,03/01/1993,Librarian
Obed,Ainsworth,01/12/1999,Senior Quality Engineer
Cosimo,Staff,23/02/1994,Electrical Engineer
Brade,Allchorn,13/05/1970,Human Resources Manager
Nico,Friar,25/05/1964,Marketing Manager
Rex,Bonifacio,31/07/1969,Marketing Manager
Thaddus,Baus,02/08/1986,Teacher
Huntington,Blasetti,30/01/1971,Registered Nurse
Payton,Wyche,11/07/1960,Research Associate
Howard,Webburn,04/11/1971,Director of Sales
Bone,Grishukhin,23/05/1989,Editor
Calhoun,Cattrall,26/01/1971,Accountant I
Cleon,Van der Brugge,07/08/1969,Librarian
Oliver,Oddboy,29/04/1983,Executive Secretary
Ric,Gorgl,17/10/1983,Senior Cost Accountant
Johny,Tipple,21/04/1967,Dental Hygienist
Base,Madsen,23/09/1972,Executive Secretary
Damiano,Toth,22/02/1971,Associate Professor
Axel,Anthoin,22/10/1997,Civil Engineer
Dag,Cartmail,04/08/2000,Account Coordinator
Irvin,Davison,07/11/1973,Analog Circuit Design manager
Heywood,Kohnen,17/04/1971,Administrative Assistant III
Ari,Challis,27/09/1982,Accountant III
Sanford,Screach,20/03/1989,Computer Systems Analyst III
Rollo,Felgate,31/12/1978,Office Assistant I
Codie,Drains,21/02/1965,Analyst Programmer
Marcel,Cruddace,26/06/1984,Research Assistant IV
Thibaud,Frany,10/01/1992,Operator
Lonnard,Doumerque,12/03/1983,Computer Systems Analyst IV
Glendon,Essel,25/09/1973,Analog Circuit Design manager
Ring,Lambourne,12/01/1979,Geologist IV
Sloane,Affleck,13/01/1979,Design Engineer
Des,Barbera,29/06/1985,Programmer Analyst III
Reuven,Witherington,13/02/1963,VP Product Management
Berkeley,McUre,30/11/1961,Statistician IV
Bevon,Rattrie,16/12/1990,Payment Adjustment Coordinator
Mel,Crummay,02/11/1967,Legal Assistant
Laurens,Fossord,19/08/1994,Biostatistician II
Rocky,Ayris,18/10/1970,Chemical Engineer
Giffard,Carah,22/09/1997,Environmental Specialist
Sidney,Elia,31/07/1967,Assistant Professor
Duffie,Allery,21/01/1979,Tax Accountant
Erroll,Fucher,25/07/1970,Registered Nurse
Shadow,Donavan,14/09/1999,VP Quality Control
Jorgan,Gallardo,10/11/1980,Legal Assistant
Kaine,Orrill,01/04/2000,Safety Technician IV
Davin,Loudiane,15/08/1981,Occupational Therapist
Oswald,Caskey,30/09/1976,Chief Design Engineer
Sanders,Drayton,05/06/1964,VP Accounting
Cory,Pouton,19/11/1974,Biostatistician I
Alvy,Dysart,14/07/1968,Compensation Analyst
Iain,Shere,28/04/1962,Analog Circuit Design manager
Kliment,Gilgryst,21/03/1994,VP Accounting
Garold,Bricham,06/08/1997,General Manager
Edsel,Stanwix,27/06/1982,Internal Auditor
Chrotoem,Kemme,26/06/1989,Chief Design Engineer
Angie,Hyde-Chambers,24/03/1985,Junior Executive
Horton,Murtagh,20/09/1988,Media Manager II
Rafaello,Glozman,24/11/1974,Electrical Engineer
Osbert,Muscat,02/02/1994,Graphic Designer
Marv,Knutton,07/07/1996,Assistant Manager
Amory,Cruickshanks,07/08/1982,Staff Accountant II
August,Lippini,12/09/1986,Electrical Engineer
Ely,Kippen,03/12/1989,Recruiting Manager
Howie,Hulls,18/12/1976,Sales Associate
Casey,Fenlon,06/09/1960,Environmental Specialist
Egon,Jantel,20/04/1985,Recruiting Manager
Benson,Bodicum,10/11/1969,Analyst Programmer
Thane,Tampling,09/12/1988,Engineer I
Pip,Skells,02/06/1985,Paralegal
Quillan,Marler,29/07/1999,Structural Analysis Engineer
Lindsey,Jeratt,28/01/1986,Biostatistician IV
Ive,Pendle,30/08/1998,Financial Advisor
Solly,Farra,18/07/1960,Research Associate
Skippy,Stolworthy,13/11/1966,Environmental Specialist
Saxe,Beese,25/12/1982,Recruiting Manager
Evan,Adao,10/02/1986,Human Resources Manager
Arie,Maunders,31/12/1987,Food Chemist
Kalvin,Endecott,07/11/1991,Librarian
Rourke,Frankiewicz,15/08/1973,Recruiter
Enrique,Tremolieres,04/01/1977,Chemical Engineer
Levy,Rooms,23/03/1984,Recruiter
Jimmy,Jailler,29/01/1998,Sales Representative
Tabbie,Ellam,01/11/2001,Media Manager I
Theobald,Bustard,11/03/1993,Quality Engineer
Giorgi,Biss,14/05/1997,Recruiting Manager
Gregoire,Extal,24/04/1961,GIS Technical Architect
Alexandre,Cheley,25/08/1997,Biostatistician I
Jerry,Maunder,22/05/1986,Web Developer IV
Jerome,Brigham,19/06/1994,Staff Scientist
Rhys,Witts,24/10/1976,Clinical Specialist
Sebastian,Yukhnin,13/10/2000,Administrative Officer
Loydie,Stare,28/03/1988,Occupational Therapist
Gideon,Luciano,10/06/1967,Teacher
Colan,McGurgan,25/08/1992,Help Desk Operator
Salvatore,Lynde,22/05/1978,Computer Systems Analyst III
Bax,Cowden,21/07/1980,Director of Sales
Noam,Kochs,13/08/1987,Accountant III
Roger,Scardefield,31/10/1970,Engineer I
Rip,Kilian,21/05/1991,Developer IV
Umberto,Blucher,13/01/1985,Software Engineer III
Davidde,Landy,23/09/1993,Financial Advisor
Urson,Blunden,17/04/1995,Programmer Analyst II
Phineas,Silcocks,22/05/1967,Sales Representative
Sinclare,Dowle,23/08/1997,GIS Technical Architect
Thornton,Bromage,31/08/1962,Engineer III
Maje,Gibson,31/12/1973,Design Engineer
Arlin,Sidary,06/09/1987,Dental Hygienist
Cori,Shadfourth,13/05/1982,Project Manager
Whitby,Coull,15/03/1972,Cost Accountant
Merell,Conre,02/04/1999,Administrative Assistant II
Rory,Romand,03/05/1984,Software Consultant
Niel,O'Ferris,16/11/1986,Tax Accountant
Amble,Lidgey,01/12/1997,Executive Secretary
Alonso,Gledhill,29/09/1973,Office Assistant II
Ignacio,Lochhead,27/08/1991,Developer III
Gabe,Colbran,31/08/1980,Compensation Analyst
Tyrus,Ballintyne,09/06/1977,Nuclear Power Engineer
Lyman,Monini,30/10/1995,Analog Circuit Design manager
Husain,Abbado,15/10/1965,Account Coordinator
Kahlil,Pember,29/03/1994,Librarian
Ingmar,Sailor,24/06/1965,Administrative Officer
Kirby,Lyddy,22/08/1991,Technical Writer
Holmes,Tallowin,12/06/2001,Web Developer II
Sigismond,Adair,08/08/1976,Information Systems Manager
Mylo,Carbett,03/07/1985,Environmental Specialist
Tanny,Mishow,03/03/1973,Paralegal
Lovell,Camerana,05/09/1960,Legal Assistant
Shane,Zima,22/03/1999,Research Assistant II
Onfre,Pawelke,18/08/1979,Clinical Specialist
Cosimo,Bracher,25/09/1979,Assistant Manager
Jon,Guitton,09/01/1991,Physical Therapy Assistant
Randell,Torrie,15/05/1988,Quality Engineer
Huntington,Vasyutichev,23/01/2000,Desktop Support Technician
Keenan,Braven,25/04/1997,Product Engineer
Patin,Livzey,15/08/1977,Media Manager I
Elvin,Astill,21/03/1972,Office Assistant III
Brandyn,Inde,12/01/1981,Cost Accountant
Morty,Havick,07/01/1982,Occupational Therapist
Kingsly,Aulds,30/11/1985,Marketing Manager
Theodore,Capstake,11/03/1982,Office Assistant I
Lawrence,Wenderoth,30/07/1987,Pharmacist
Garvin,Ivan,18/08/2000,General Manager
Ignace,Gauden,07/11/1986,Accounting Assistant III
Cazzie,Hackworthy,24/12/1980,Civil Engineer
Zacharie,Lepick,29/12/1981,Environmental Tech
Natal,Laight,16/03/1961,Nurse
Saul,Ilyin,26/01/1987,Human Resources Manager
Craggie,Marsland,17/08/1988,Senior Cost Accountant
Maximilian,Mingame,19/07/1980,Senior Developer
Nilson,Devil,20/12/1983,Account Coordinator
Shalom,Maffi,28/05/2001,Technical Writer
Conrad,McCardle,26/07/1993,Teacher
Sax,Ipplett,16/04/1984,Clinical Specialist
Vincenz,Kemmons,20/11/2001,Senior Cost Accountant
Munroe,Geke,30/09/1986,Legal Assistant
Ignazio,Kobierski,15/03/1997,Human Resources Manager
Tabor,Leggatt,21/07/1978,Compensation Analyst
Otis,Abramino,14/03/2001,Geological Engineer
Thaddus,Cone,12/01/1985,Editor
Sigismond,Bredgeland,15/06/1968,Assistant Manager
Frederigo,Lightfoot,10/10/1987,Biostatistician I
Pate,Zukierman,14/09/1971,Assistant Media Planner
Corbie,Guillard,16/06/2000,Legal Assistant
Englebert,Scowen,05/04/1988,Software Test Engineer II
Obediah,Timmons,08/06/1998,Assistant Media Planner
Bentlee,Hankins,12/07/1976,Civil Engineer
Renard,Albro,05/03/1970,Account Coordinator
Titos,Raynton,08/08/1967,Librarian
Bowie,Smickle,04/12/1998,Nurse
Jarrad,Jellicorse,01/02/1967,Operator
Mathew,Thirsk,17/02/1966,Statistician IV
Travis,Lawie,07/11/1965,Help Desk Operator
Nobie,Collerd,22/04/1995,Software Engineer III
Grace,Lancaster,16/03/1960,Community Outreach Specialist
Jarrod,Richford,12/05/1982,Account Executive
Elwood,Blundan,16/09/1973,Junior Executive
Xymenes,Vowels,17/11/1981,Senior Developer
Dag,Freed,30/06/1992,Sales Associate
Dwain,Bletcher,30/08/2000,Engineer IV
Moishe,Berriman,16/08/1969,Research Assistant II
Cammy,Kerrey,18/02/1983,Account Representative II
Melvyn,Magowan,02/02/1974,Human Resources Assistant I
Balduin,Stratiff,19/12/1980,Assistant Manager
Pierce,Halton,28/11/1976,Senior Editor
Ignaz,Smickle,24/03/1968,Accountant III
Brocky,Sheaber,23/07/1978,Recruiting Manager
Thaddeus,Whaites,11/06/1983,Marketing Assistant
Hew,Meeks,30/03/1990,Nuclear Power Engineer
Haskel,Rowbury,06/03/1972,Civil Engineer
Derby,Ricards,06/03/1971,Research Assistant IV
Orson,Liddon,19/01/1977,Accountant II
Rourke,Fossord,28/10/1997,Librarian
Ricky,McArd,27/08/1981,Software Engineer IV
Brice,Dickson,25/09/1974,Structural Analysis Engineer
Judah,Rosita,07/12/2001,Data Coordiator
Farrel,Waller-Bridge,20/10/1998,Compensation Analyst
Walton,D'Onise,27/03/2000,Project Manager
Barron,Igo,07/09/1992,Professor
Rik,Topper,04/12/1966,Health Coach IV
Teodorico,Klicher,28/07/1996,Research Nurse
Kenneth,Gilfillan,24/05/1971,Web Designer III
Boigie,Chessun,18/10/1986,Sales Representative
Eberto,Oats,17/06/1980,Senior Cost Accountant
Obidiah,Brownrigg,16/06/1964,Structural Engineer
Patton,Kemmer,09/12/2000,Analyst Programmer
Myron,Manon,24/12/1990,Civil Engineer
Garrek,Bloore,22/12/1967,Desktop Support Technician
Gorden,Scantleberry,08/01/1973,Recruiter
Bjorn,Simm,12/01/1986,Associate Professor
Nat,Willacot,06/02/1993,Accounting Assistant I
Vincenty,Elam,05/07/1985,Assistant Professor
Charles,Alen,04/03/1964,Environmental Tech
Darill,Ramel,11/06/1980,Quality Engineer
Man,Giacobo,15/08/1964,Professor
Salvatore,Craney,01/02/1994,Research Associate
Kinny,Cusiter,29/06/1990,Cost Accountant
Gherardo,Cossins,07/11/2001,Executive Secretary
Wiley,Bate,07/12/1968,Compensation Analyst
Ashby,Traise,23/02/1977,Quality Engineer
Kippar,Vardey,13/12/1973,Accountant IV
Everard,O'Regan,19/08/1989,Recruiting Manager
Stern,Jochens,18/12/1997,Electrical Engineer
Cirstoforo,Glewe,31/01/1983,Marketing Manager
Gav,Broz,25/04/1982,Budget/Accounting Analyst III
Ellwood,Boote,15/12/1960,Speech Pathologist
Branden,Sizeland,13/03/1968,Staff Accountant I
Alfons,Hayward,12/08/1977,Web Developer I
Dimitry,Neeves,24/05/1995,Quality Engineer
Pernell,Vearncombe,03/12/1982,Chemical Engineer
Stanton,Ralston,14/10/1997,Analyst Programmer
Bayard,Lalley,30/09/1979,Nurse
Elliott,Hospital,25/10/1966,Junior Executive
Brigham,Giorgi,01/09/1978,Account Representative II
Grace,Berrycloth,23/02/1983,Payment Adjustment Coordinator
Salomon,Ventum,01/10/1965,Quality Control Specialist
Bronnie,Wapol,02/08/1982,Structural Analysis Engineer
Pennie,Shera,28/03/1982,Assistant Professor
Jorgan,Axton,15/08/1996,Chief Design Engineer
Rex,Cahen,04/10/2001,Data Coordiator
Devin,Aynsley,19/06/1963,Database Administrator IV
Eldon,Grimmert,02/03/1960,Developer IV
Randy,Lymbourne,01/05/1971,Information Systems Manager
Kale,Mcmanaman,08/06/2000,GIS Technical Architect
Nefen,Birckmann,04/06/1969,Mechanical Systems Engineer
Willy,Tattershaw,20/01/1965,Chief Design Engineer
Kevon,Coales,29/08/1967,Physical Therapy Assistant
Morty,Abramamov,22/03/1981,Web Designer II
Nial,Lorimer,29/10/1989,Electrical Engineer
Valentino,Lafont,27/02/1972,Web Designer II
Cecilius,Kayser,12/11/1993,Budget/Accounting Analyst IV
Wilmer,McPhilip,11/06/1975,Information Systems Manager
Lawton,Newbury,22/08/1995,Safety Technician III
Weylin,Tilzey,18/01/1986,Quality Engineer
Raul,Basey,05/04/1987,Internal Auditor
Roley,Readwood,12/07/1972,Administrative Assistant IV
Cad,Blackledge,10/06/1984,Human Resources Manager
Artie,Cowup,10/03/1996,Media Manager IV
Cleveland,Weaben,14/01/1986,Analog Circuit Design manager
Alexandro,Siveter,03/01/1981,Administrative Officer
Flynn,Foro,02/08/1996,Nurse Practicioner
Calv,Otterwell,02/04/1970,Quality Engineer
Myrvyn,Murrill,09/09/1985,Administrative Officer
Sullivan,Jeffress,17/12/1965,Librarian
Pablo,Peat,26/09/1999,Chief Design Engineer
Chaddie,Petzold,13/08/1971,Geological Engineer
Barnett,Montrose,07/01/1984,Account Executive
Nicolis,Laminman,22/05/1985,Systems Administrator II
Lew,Damsell,02/09/1988,Marketing Manager
Bren,Perring,20/05/1993,Office Assistant IV
Patricio,Binning,09/01/1975,Operator
Efren,Galway,08/03/1966,Staff Accountant III
Walsh,Hamnett,29/09/1974,Senior Developer
Neddie,Zoanetti,03/04/1985,Budget/Accounting Analyst IV
Noel,Szymanowicz,14/11/1993,Health Coach II
Christophorus,Tarplee,03/03/2001,Actuary
Dukey,Allwell,27/06/1992,Junior Executive
Kincaid,Persey,26/06/1975,Research Nurse
Claiborne,Tott,07/08/1968,Data Coordiator
Raynard,Olkowicz,15/07/1972,Financial Analyst
Scott,Southan,24/07/1962,Staff Scientist
Damian,Van Rembrandt,15/10/1961,Biostatistician I
Albrecht,Loseby,06/08/2001,Help Desk Technician
Cody,McCaughan,02/11/1993,Operator
Winn,Cordaroy,05/09/1991,Electrical Engineer
Eldon,Cicculini,30/06/1984,Statistician II
Haywood,Dow,17/12/1984,Cost Accountant
Otis,Whitworth,28/02/1961,Assistant Media Planner
Christos,Gwyther,28/03/1964,Analyst Programmer
Lonnard,Simao,01/09/1961,VP Quality Control
Lemmy,Gerritsma,21/10/1975,Sales Associate
Lyell,Blumsom,27/05/1995,Graphic Designer
